identifier,direction,start_index,end_index,price_eur_mw_h,cap_max_mw,block_hours,coverage_hours,committed_mw,capacity_revenue_eur
mfrr:2025-01-01:16-20:up,up,64,80,8.684999999999999,1.0,4.0,4.0,1.0,34.739999999999995
mfrr:2025-01-02:16-20:up,up,160,176,8.684999999999999,1.0,4.0,4.0,1.0,34.739999999999995
mfrr:2025-01-03:16-20:up,up,256,272,8.684999999999999,1.0,4.0,4.0,0.875,30.397499999999994
mfrr:2025-01-03:20-24:up,up,272,288,8.684999999999999,1.0,4.0,4.0,0.875,30.397499999999994
mfrr:2025-01-07:8-12:up,up,608,624,8.684999999999999,1.0,4.0,4.0,1.0,34.739999999999995
mfrr:2025-01-07:16-20:up,up,640,656,8.684999999999999,1.0,4.0,4.0,1.0,34.739999999999995
mfrr:2025-01-08:8-12:up,up,704,720,8.684999999999999,1.0,4.0,4.0,1.0,34.739999999999995
mfrr:2025-01-08:12-16:up,up,720,736,8.684999999999999,1.0,4.0,4.0,0.6278556847544374,21.811706488369154
mfrr:2025-01-08:16-20:up,up,736,752,8.684999999999999,1.0,4.0,4.0,0.5493737241601327,19.085243177323008
mfrr:2025-01-09:8-12:up,up,800,816,8.684999999999999,1.0,4.0,4.0,1.0,34.739999999999995
mfrr:2025-01-09:12-16:up,up,816,832,8.684999999999999,1.0,4.0,4.0,0.98475,34.210215
mfrr:2025-01-09:16-20:up,up,832,848,8.684999999999999,1.0,4.0,4.0,0.31415685803941007,10.913809248289104
mfrr:2025-01-09:20-24:up,up,848,864,8.684999999999999,1.0,4.0,4.0,0.31415685803941007,10.913809248289104
mfrr:2025-01-10:8-12:up,up,896,912,8.684999999999999,1.0,4.0,4.0,1.0,34.739999999999995
mfrr:2025-01-10:12-16:up,up,912,928,8.684999999999999,1.0,4.0,4.0,1.0,34.739999999999995
mfrr:2025-01-10:16-20:up,up,928,944,8.684999999999999,1.0,4.0,4.0,1.0,34.739999999999995
mfrr:2025-01-10:20-24:up,up,944,960,8.684999999999999,1.0,4.0,4.0,1.0,34.739999999999995
mfrr:2025-01-11:8-12:up,up,992,1008,8.684999999999999,1.0,4.0,4.0,1.0,34.739999999999995
mfrr:2025-01-11:12-16:up,up,1008,1024,8.684999999999999,1.0,4.0,4.0,1.0,34.739999999999995
mfrr:2025-01-11:16-20:up,up,1024,1040,8.684999999999999,1.0,4.0,4.0,1.0,34.739999999999995
mfrr:2025-01-11:20-24:up,up,1040,1056,8.684999999999999,1.0,4.0,4.0,0.875,30.397499999999994
mfrr:2025-01-12:8-12:up,up,1088,1104,8.684999999999999,1.0,4.0,4.0,1.0,34.739999999999995
mfrr:2025-01-12:12-16:up,up,1104,1120,8.684999999999999,1.0,4.0,4.0,1.0,34.739999999999995
mfrr:2025-01-12:16-20:up,up,1120,1136,8.684999999999999,1.0,4.0,4.0,1.0,34.739999999999995
mfrr:2025-01-12:20-24:up,up,1136,1152,8.684999999999999,1.0,4.0,4.0,1.0,34.739999999999995
mfrr:2025-01-13:8-12:up,up,1184,1200,8.684999999999999,1.0,4.0,4.0,1.0,34.739999999999995
mfrr:2025-01-13:12-16:up,up,1200,1216,8.684999999999999,1.0,4.0,4.0,1.0,34.739999999999995
mfrr:2025-01-13:16-20:up,up,1216,1232,8.684999999999999,1.0,4.0,4.0,1.0,34.739999999999995
mfrr:2025-01-13:20-24:up,up,1232,1248,8.684999999999999,1.0,4.0,4.0,0.9375,32.568749999999994
mfrr:2025-01-14:8-12:up,up,1280,1296,8.684999999999999,1.0,4.0,4.0,1.0,34.739999999999995
mfrr:2025-01-14:12-16:up,up,1296,1312,8.684999999999999,1.0,4.0,4.0,0.5774786965065398,20.06160991663719
mfrr:2025-01-14:16-20:up,up,1312,1328,8.684999999999999,1.0,4.0,4.0,1.0,34.739999999999995
mfrr:2025-01-14:20-24:up,up,1328,1344,8.684999999999999,1.0,4.0,4.0,0.7500000000000001,26.055
mfrr:2025-01-15:4-8:up,up,1360,1376,8.684999999999999,1.0,4.0,4.0,0.8421000000000001,29.254554
mfrr:2025-01-15:8-12:up,up,1376,1392,8.684999999999999,1.0,4.0,4.0,1.0,34.739999999999995
mfrr:2025-01-15:12-16:up,up,1392,1408,8.684999999999999,1.0,4.0,4.0,0.50231071183458,17.450274129133305
mfrr:2025-01-15:16-20:up,up,1408,1424,8.684999999999999,1.0,4.0,4.0,0.50231071183458,17.450274129133305
mfrr:2025-01-15:20-24:up,up,1424,1440,8.684999999999999,1.0,4.0,4.0,0.34533861438627383,11.997063463779151
mfrr:2025-01-16:4-8:up,up,1456,1472,8.684999999999999,1.0,4.0,4.0,0.811,28.174139999999998
mfrr:2025-01-16:8-12:up,up,1472,1488,8.684999999999999,1.0,4.0,4.0,1.0,34.739999999999995
mfrr:2025-01-16:12-16:up,up,1488,1504,8.684999999999999,1.0,4.0,4.0,1.0,34.739999999999995
mfrr:2025-01-16:16-20:up,up,1504,1520,8.684999999999999,1.0,4.0,4.0,0.8684266666666666,30.16914239999999
mfrr:2025-01-16:20-24:up,up,1520,1536,8.684999999999999,1.0,4.0,4.0,0.8684266666666666,30.16914239999999
mfrr:2025-01-17:4-8:up,up,1552,1568,8.684999999999999,1.0,4.0,4.0,1.0,34.739999999999995
mfrr:2025-01-17:8-12:up,up,1568,1584,8.684999999999999,1.0,4.0,4.0,0.9375,32.568749999999994
mfrr:2025-01-17:12-16:up,up,1584,1600,8.684999999999999,1.0,4.0,4.0,0.7131937500000003,24.776350875000006
mfrr:2025-01-17:16-20:up,up,1600,1616,8.684999999999999,1.0,4.0,4.0,1.0,34.739999999999995
mfrr:2025-01-17:20-24:up,up,1616,1632,8.684999999999999,1.0,4.0,4.0,0.9375,32.568749999999994
mfrr:2025-01-18:4-8:up,up,1648,1664,8.684999999999999,1.0,4.0,4.0,1.0,34.739999999999995
mfrr:2025-01-18:8-12:up,up,1664,1680,8.684999999999999,1.0,4.0,4.0,1.0,34.739999999999995
mfrr:2025-01-18:12-16:up,up,1680,1696,8.684999999999999,1.0,4.0,4.0,1.0,34.739999999999995
mfrr:2025-01-18:16-20:up,up,1696,1712,8.684999999999999,1.0,4.0,4.0,1.0,34.739999999999995
mfrr:2025-01-18:20-24:up,up,1712,1728,8.684999999999999,1.0,4.0,4.0,0.7501082752551511,26.058761482363945
mfrr:2025-01-19:4-8:up,up,1744,1760,8.684999999999999,1.0,4.0,4.0,1.0,34.739999999999995
mfrr:2025-01-19:8-12:up,up,1760,1776,8.684999999999999,1.0,4.0,4.0,1.0,34.739999999999995
mfrr:2025-01-19:12-16:up,up,1776,1792,8.684999999999999,1.0,4.0,4.0,1.0,34.739999999999995
mfrr:2025-01-19:16-20:up,up,1792,1808,8.684999999999999,1.0,4.0,4.0,0.9825407790549171,34.133466664367816
mfrr:2025-01-19:20-24:up,up,1808,1824,8.684999999999999,1.0,4.0,4.0,0.5701384091634738,19.806608334339078
mfrr:2025-01-20:4-8:up,up,1840,1856,8.684999999999999,1.0,4.0,4.0,0.884552855154454,30.72936618806573
mfrr:2025-01-20:8-12:up,up,1856,1872,8.684999999999999,1.0,4.0,4.0,1.0,34.739999999999995
mfrr:2025-01-20:12-16:up,up,1872,1888,8.684999999999999,1.0,4.0,4.0,0.6888752814687515,23.931527278224426
mfrr:2025-01-20:16-20:up,up,1888,1904,8.684999999999999,1.0,4.0,4.0,1.0,34.739999999999995
mfrr:2025-01-20:20-24:up,up,1904,1920,8.684999999999999,1.0,4.0,4.0,0.5001724062130771,17.375989391842296
mfrr:2025-01-21:4-8:up,up,1936,1952,8.684999999999999,1.0,4.0,4.0,0.7201538769415866,25.018145684950714
mfrr:2025-01-21:8-12:up,up,1952,1968,8.684999999999999,1.0,4.0,4.0,1.0,34.739999999999995
mfrr:2025-01-21:12-16:up,up,1968,1984,8.684999999999999,1.0,4.0,4.0,0.751701119618119,26.11409689553345
mfrr:2025-01-21:16-20:up,up,1984,2000,8.684999999999999,1.0,4.0,4.0,1.0,34.739999999999995
mfrr:2025-01-21:20-24:up,up,2000,2016,8.684999999999999,1.0,4.0,4.0,0.43823591478255775,15.224315679546054
mfrr:2025-01-22:4-8:up,up,2032,2048,8.684999999999999,1.0,4.0,4.0,0.811,28.174139999999998
mfrr:2025-01-22:8-12:up,up,2048,2064,8.684999999999999,1.0,4.0,4.0,1.0,34.739999999999995
mfrr:2025-01-22:12-16:up,up,2064,2080,8.684999999999999,1.0,4.0,4.0,1.0,34.739999999999995
mfrr:2025-01-22:16-20:up,up,2080,2096,8.684999999999999,1.0,4.0,4.0,0.754031493094192,26.195054070092226
mfrr:2025-01-22:20-24:up,up,2096,2112,8.684999999999999,1.0,4.0,4.0,0.754031493094192,26.195054070092226
mfrr:2025-01-23:4-8:up,up,2128,2144,8.684999999999999,1.0,4.0,4.0,1.0,34.739999999999995
mfrr:2025-01-23:8-12:up,up,2144,2160,8.684999999999999,1.0,4.0,4.0,0.9375,32.568749999999994
mfrr:2025-01-23:12-16:up,up,2160,2176,8.684999999999999,1.0,4.0,4.0,0.8789062500000001,30.533203125
mfrr:2025-01-23:16-20:up,up,2176,2192,8.684999999999999,1.0,4.0,4.0,0.7690429687500001,26.716552734375
mfrr:2025-01-23:20-24:up,up,2192,2208,8.684999999999999,1.0,4.0,4.0,0.7690429687500001,26.716552734375
mfrr:2025-01-24:4-8:up,up,2224,2240,8.684999999999999,1.0,4.0,4.0,1.0,34.739999999999995
mfrr:2025-01-24:8-12:up,up,2240,2256,8.684999999999999,1.0,4.0,4.0,1.0,34.739999999999995
mfrr:2025-01-24:12-16:up,up,2256,2272,8.684999999999999,1.0,4.0,4.0,1.0,34.739999999999995
mfrr:2025-01-24:16-20:up,up,2272,2288,8.684999999999999,1.0,4.0,4.0,0.9381494188784928,32.59131081183884
mfrr:2025-01-24:20-24:up,up,2288,2304,8.684999999999999,1.0,4.0,4.0,0.9381494188784928,32.59131081183884
mfrr:2025-01-25:4-8:up,up,2320,2336,8.684999999999999,1.0,4.0,4.0,1.0,34.739999999999995
mfrr:2025-01-25:8-12:up,up,2336,2352,8.684999999999999,1.0,4.0,4.0,1.0,34.739999999999995
mfrr:2025-01-25:12-16:up,up,2352,2368,8.684999999999999,1.0,4.0,4.0,0.9670463331425105,33.59518961337081
mfrr:2025-01-25:16-20:up,up,2368,2384,8.684999999999999,1.0,4.0,4.0,1.0,34.739999999999995
mfrr:2025-01-25:20-24:up,up,2384,2400,8.684999999999999,1.0,4.0,4.0,0.9375,32.568749999999994
mfrr:2025-01-26:8-12:up,up,2432,2448,8.684999999999999,1.0,4.0,4.0,1.0,34.739999999999995
mfrr:2025-01-26:12-16:up,up,2448,2464,8.684999999999999,1.0,4.0,4.0,0.5820109428041549,20.219060153016336
mfrr:2025-01-26:16-20:up,up,2464,2480,8.684999999999999,1.0,4.0,4.0,0.40013252317785647,13.900603855198732
mfrr:2025-01-26:20-24:up,up,2480,2496,8.684999999999999,1.0,4.0,4.0,0.40013252317785647,13.900603855198732
mfrr:2025-01-27:8-12:up,up,2528,2544,8.684999999999999,1.0,4.0,4.0,1.0,34.739999999999995
mfrr:2025-01-27:12-16:up,up,2544,2560,8.684999999999999,1.0,4.0,4.0,1.0,34.739999999999995
mfrr:2025-01-27:16-20:up,up,2560,2576,8.684999999999999,1.0,4.0,4.0,1.0,34.739999999999995
mfrr:2025-01-27:20-24:up,up,2576,2592,8.684999999999999,1.0,4.0,4.0,1.0,34.739999999999995
mfrr:2025-01-28:4-8:up,up,2608,2624,8.684999999999999,1.0,4.0,4.0,1.0,34.739999999999995
mfrr:2025-01-28:8-12:up,up,2624,2640,8.684999999999999,1.0,4.0,4.0,1.0,34.739999999999995
mfrr:2025-01-28:12-16:up,up,2640,2656,8.684999999999999,1.0,4.0,4.0,1.0,34.739999999999995
mfrr:2025-01-28:16-20:up,up,2656,2672,8.684999999999999,1.0,4.0,4.0,0.9695,33.680429999999994
mfrr:2025-01-29:8-12:up,up,2720,2736,8.684999999999999,1.0,4.0,4.0,1.0,34.739999999999995
mfrr:2025-01-29:12-16:up,up,2736,2752,8.684999999999999,1.0,4.0,4.0,1.0,34.739999999999995
mfrr:2025-01-29:16-20:up,up,2752,2768,8.684999999999999,1.0,4.0,4.0,1.0,34.739999999999995
mfrr:2025-01-29:20-24:up,up,2768,2784,8.684999999999999,1.0,4.0,4.0,1.0,34.739999999999995
mfrr:2025-01-30:8-12:up,up,2816,2832,8.684999999999999,1.0,4.0,4.0,1.0,34.739999999999995
mfrr:2025-01-30:12-16:up,up,2832,2848,8.684999999999999,1.0,4.0,4.0,1.0,34.739999999999995
mfrr:2025-01-30:16-20:up,up,2848,2864,8.684999999999999,1.0,4.0,4.0,1.0,34.739999999999995
mfrr:2025-01-30:20-24:up,up,2864,2880,8.684999999999999,1.0,4.0,4.0,1.0,34.739999999999995
mfrr:2025-01-31:8-12:up,up,2912,2928,8.684999999999999,1.0,4.0,4.0,1.0,34.739999999999995
mfrr:2025-01-31:12-16:up,up,2928,2944,8.684999999999999,1.0,4.0,4.0,0.9943502824858756,34.54372881355931
mfrr:2025-01-31:16-20:up,up,2944,2960,8.684999999999999,1.0,4.0,4.0,1.0,34.739999999999995
mfrr:2025-01-31:20-24:up,up,2960,2976,8.684999999999999,1.0,4.0,4.0,0.9375,32.568749999999994
mfrr:2025-02-01:8-12:up,up,3008,3024,8.684999999999999,1.0,4.0,4.0,1.0,34.739999999999995
mfrr:2025-02-01:12-16:up,up,3024,3040,8.684999999999999,1.0,4.0,4.0,0.9997508744980158,34.731345380061065
mfrr:2025-02-01:16-20:up,up,3040,3056,8.684999999999999,1.0,4.0,4.0,1.0,34.739999999999995
mfrr:2025-02-01:20-24:up,up,3056,3072,8.684999999999999,1.0,4.0,4.0,0.8188445886055288,28.446661008156067
mfrr:2025-02-02:8-12:up,up,3104,3120,8.684999999999999,1.0,4.0,4.0,1.0,34.739999999999995
mfrr:2025-02-02:16-20:up,up,3136,3152,8.684999999999999,1.0,4.0,4.0,1.0,34.739999999999995
mfrr:2025-02-03:4-8:up,up,3184,3200,8.684999999999999,1.0,4.0,4.0,1.0,34.739999999999995
mfrr:2025-02-03:8-12:up,up,3200,3216,8.684999999999999,1.0,4.0,4.0,1.0,34.739999999999995
mfrr:2025-02-03:16-20:up,up,3232,3248,8.684999999999999,1.0,4.0,4.0,1.0,34.739999999999995
mfrr:2025-02-04:8-12:up,up,3296,3312,8.684999999999999,1.0,4.0,4.0,1.0,34.739999999999995
mfrr:2025-02-04:12-16:up,up,3312,3328,8.684999999999999,1.0,4.0,4.0,0.753103263158553,26.162807362128127
mfrr:2025-02-04:16-20:up,up,3328,3344,8.684999999999999,1.0,4.0,4.0,1.0,34.739999999999995
mfrr:2025-02-04:20-24:up,up,3344,3360,8.684999999999999,1.0,4.0,4.0,0.46635000000000015,16.200999000000003
mfrr:2025-02-05:4-8:up,up,3376,3392,8.684999999999999,1.0,4.0,4.0,0.9136125000000002,31.738898250000002
mfrr:2025-02-05:12-16:up,up,3408,3424,8.684999999999999,1.0,4.0,4.0,1.0,34.739999999999995
mfrr:2025-02-05:16-20:up,up,3424,3440,8.684999999999999,1.0,4.0,4.0,1.0,34.739999999999995
mfrr:2025-02-05:20-24:up,up,3440,3456,8.684999999999999,1.0,4.0,4.0,0.7508003154774391,26.08280295968623
mfrr:2025-02-06:4-8:up,up,3472,3488,8.684999999999999,1.0,4.0,4.0,1.0,34.739999999999995
mfrr:2025-02-06:8-12:up,up,3488,3504,8.684999999999999,1.0,4.0,4.0,0.9375,32.568749999999994
mfrr:2025-02-06:12-16:up,up,3504,3520,8.684999999999999,1.0,4.0,4.0,0.8203125000000001,28.49765625
mfrr:2025-02-06:16-20:up,up,3520,3536,8.684999999999999,1.0,4.0,4.0,1.0,34.739999999999995
mfrr:2025-02-06:20-24:up,up,3536,3552,8.684999999999999,1.0,4.0,4.0,0.8753503898218208,30.40967254241005
mfrr:2025-02-07:4-8:up,up,3568,3584,8.684999999999999,1.0,4.0,4.0,1.0,34.739999999999995
mfrr:2025-02-07:8-12:up,up,3584,3600,8.684999999999999,1.0,4.0,4.0,1.0,34.739999999999995
mfrr:2025-02-07:12-16:up,up,3600,3616,8.684999999999999,1.0,4.0,4.0,0.43895123279431797,15.249165827274604
mfrr:2025-02-07:16-20:up,up,3616,3632,8.684999999999999,1.0,4.0,4.0,0.6668266666666668,23.165558400000002
mfrr:2025-02-07:20-24:up,up,3632,3648,8.684999999999999,1.0,4.0,4.0,0.62515,21.717710999999998
mfrr:2025-02-08:4-8:up,up,3664,3680,8.684999999999999,1.0,4.0,4.0,1.0,34.739999999999995
mfrr:2025-02-08:16-20:up,up,3712,3728,8.684999999999999,1.0,4.0,4.0,1.0,34.739999999999995
mfrr:2025-02-09:16-20:up,up,3808,3824,8.684999999999999,1.0,4.0,4.0,1.0,34.739999999999995
mfrr:2025-02-10:4-8:up,up,3856,3872,8.684999999999999,1.0,4.0,4.0,1.0,34.739999999999995
mfrr:2025-02-10:8-12:up,up,3872,3888,8.684999999999999,1.0,4.0,4.0,1.0,34.739999999999995
mfrr:2025-02-10:12-16:up,up,3888,3904,8.684999999999999,1.0,4.0,4.0,1.0,34.739999999999995
mfrr:2025-02-10:16-20:up,up,3904,3920,8.684999999999999,1.0,4.0,4.0,1.0,34.739999999999995
mfrr:2025-02-11:4-8:up,up,3952,3968,8.684999999999999,1.0,4.0,4.0,1.0,34.739999999999995
mfrr:2025-02-11:8-12:up,up,3968,3984,8.684999999999999,1.0,4.0,4.0,1.0,34.739999999999995
mfrr:2025-02-11:12-16:up,up,3984,4000,8.684999999999999,1.0,4.0,4.0,0.9369191666666666,32.548571849999995
mfrr:2025-02-11:16-20:up,up,4000,4016,8.684999999999999,1.0,4.0,4.0,0.3513446875000002,12.205714443750004
mfrr:2025-02-12:8-12:up,up,4064,4080,8.684999999999999,1.0,4.0,4.0,1.0,34.739999999999995
mfrr:2025-02-12:12-16:up,up,4080,4096,8.684999999999999,1.0,4.0,4.0,1.0,34.739999999999995
mfrr:2025-02-12:16-20:up,up,4096,4112,8.684999999999999,1.0,4.0,4.0,1.0,34.739999999999995
mfrr:2025-02-12:20-24:up,up,4112,4128,8.684999999999999,1.0,4.0,4.0,1.0,34.739999999999995
mfrr:2025-02-13:0-4:up,up,4128,4144,8.684999999999999,1.0,4.0,4.0,0.7500000000000001,26.055
mfrr:2025-02-13:4-8:up,up,4144,4160,8.684999999999999,1.0,4.0,4.0,1.0,34.739999999999995
mfrr:2025-02-13:8-12:up,up,4160,4176,8.684999999999999,1.0,4.0,4.0,1.0,34.739999999999995
mfrr:2025-02-13:12-16:up,up,4176,4192,8.684999999999999,1.0,4.0,4.0,1.0,34.739999999999995
mfrr:2025-02-13:16-20:up,up,4192,4208,8.684999999999999,1.0,4.0,4.0,0.6224697435897437,21.624598892307695
mfrr:2025-02-13:20-24:up,up,4208,4224,8.684999999999999,1.0,4.0,4.0,0.5835653846153848,20.273061461538465
mfrr:2025-02-14:0-4:up,up,4224,4240,8.684999999999999,1.0,4.0,4.0,0.7694153846153847,26.72949046153846
mfrr:2025-02-14:4-8:up,up,4240,4256,8.684999999999999,1.0,4.0,4.0,1.0,34.739999999999995
mfrr:2025-02-14:8-12:up,up,4256,4272,8.684999999999999,1.0,4.0,4.0,0.9811485410563329,34.085100316297
mfrr:2025-02-14:12-16:up,up,4272,4288,8.684999999999999,1.0,4.0,4.0,0.6862472560088791,23.840229673748457
mfrr:2025-02-14:16-20:up,up,4288,4304,8.684999999999999,1.0,4.0,4.0,1.0,34.739999999999995
mfrr:2025-02-14:20-24:up,up,4304,4320,8.684999999999999,1.0,4.0,4.0,0.9375428323653653,32.57023799637278
mfrr:2025-02-15:4-8:up,up,4336,4352,8.684999999999999,1.0,4.0,4.0,1.0,34.739999999999995
mfrr:2025-02-15:8-12:up,up,4352,4368,8.684999999999999,1.0,4.0,4.0,1.0,34.739999999999995
mfrr:2025-02-15:12-16:up,up,4368,4384,8.684999999999999,1.0,4.0,4.0,1.0,34.739999999999995
mfrr:2025-02-15:16-20:up,up,4384,4400,8.684999999999999,1.0,4.0,4.0,1.0,34.739999999999995
mfrr:2025-02-15:20-24:up,up,4400,4416,8.684999999999999,1.0,4.0,4.0,0.8125000000000001,28.22625
mfrr:2025-02-16:8-12:up,up,4448,4464,8.684999999999999,1.0,4.0,4.0,1.0,34.739999999999995
mfrr:2025-02-16:12-16:up,up,4464,4480,8.684999999999999,1.0,4.0,4.0,1.0,34.739999999999995
mfrr:2025-02-16:16-20:up,up,4480,4496,8.684999999999999,1.0,4.0,4.0,1.0,34.739999999999995
mfrr:2025-02-16:20-24:up,up,4496,4512,8.684999999999999,1.0,4.0,4.0,0.7941023015920422,27.58711395730754
mfrr:2025-02-17:0-4:up,up,4512,4528,8.684999999999999,1.0,4.0,4.0,0.4652266666666668,16.161974400000002
mfrr:2025-02-17:4-8:up,up,4528,4544,8.684999999999999,1.0,4.0,4.0,1.0,34.739999999999995
mfrr:2025-02-17:8-12:up,up,4544,4560,8.684999999999999,1.0,4.0,4.0,0.8125000000000001,28.22625
mfrr:2025-02-17:12-16:up,up,4560,4576,8.684999999999999,1.0,4.0,4.0,0.4423608705911849,15.367616644337762
mfrr:2025-02-17:16-20:up,up,4576,4592,8.684999999999999,1.0,4.0,4.0,1.0,34.739999999999995
mfrr:2025-02-17:20-24:up,up,4592,4608,8.684999999999999,1.0,4.0,4.0,0.2579927270464734,8.962667337594485
mfrr:2025-02-18:8-12:up,up,4640,4656,8.684999999999999,1.0,4.0,4.0,0.8057181816060687,27.99064962899482
mfrr:2025-02-18:12-16:up,up,4656,4672,8.684999999999999,1.0,4.0,4.0,0.7050034089053102,24.49181842537047
mfrr:2025-02-18:16-20:up,up,4672,4688,8.684999999999999,1.0,4.0,4.0,1.0,34.739999999999995
mfrr:2025-02-18:20-24:up,up,4688,4704,8.684999999999999,1.0,4.0,4.0,0.9375,32.568749999999994
mfrr:2025-02-19:8-12:up,up,4736,4752,8.684999999999999,1.0,4.0,4.0,1.0,34.739999999999995
mfrr:2025-02-19:12-16:up,up,4752,4768,8.684999999999999,1.0,4.0,4.0,1.0,34.739999999999995
mfrr:2025-02-19:16-20:up,up,4768,4784,8.684999999999999,1.0,4.0,4.0,0.8126688289092961,28.232115116308943
mfrr:2025-02-20:8-12:up,up,4832,4848,8.684999999999999,1.0,4.0,4.0,0.7732923076923077,26.864174769230765
mfrr:2025-02-20:16-20:up,up,4864,4880,8.684999999999999,1.0,4.0,4.0,0.7732923076923077,26.864174769230765
mfrr:2025-02-21:16-20:up,up,4960,4976,8.684999999999999,1.0,4.0,4.0,0.6283,21.827141999999995
mfrr:2025-02-22:16-20:up,up,5056,5072,8.684999999999999,1.0,4.0,4.0,0.6283,21.827141999999995
mfrr:2025-02-23:16-20:up,up,5152,5168,8.684999999999999,1.0,4.0,4.0,0.6283,21.827141999999995
mfrr:2025-02-24:8-12:up,up,5216,5232,8.684999999999999,1.0,4.0,4.0,1.0,34.739999999999995
mfrr:2025-02-24:12-16:up,up,5232,5248,8.684999999999999,1.0,4.0,4.0,1.0,34.739999999999995
mfrr:2025-02-24:16-20:up,up,5248,5264,8.684999999999999,1.0,4.0,4.0,1.0,34.739999999999995
mfrr:2025-02-24:20-24:up,up,5264,5280,8.684999999999999,1.0,4.0,4.0,1.0,34.739999999999995
mfrr:2025-02-25:8-12:up,up,5312,5328,8.684999999999999,1.0,4.0,4.0,1.0,34.739999999999995
mfrr:2025-02-25:12-16:up,up,5328,5344,8.684999999999999,1.0,4.0,4.0,1.0,34.739999999999995
mfrr:2025-02-25:16-20:up,up,5344,5360,8.684999999999999,1.0,4.0,4.0,1.0,34.739999999999995
mfrr:2025-02-25:20-24:up,up,5360,5376,8.684999999999999,1.0,4.0,4.0,1.0,34.739999999999995
mfrr:2025-02-26:8-12:up,up,5408,5424,8.684999999999999,1.0,4.0,4.0,1.0,34.739999999999995
mfrr:2025-02-26:12-16:up,up,5424,5440,8.684999999999999,1.0,4.0,4.0,0.9480262069363086,32.93443042896735
mfrr:2025-02-26:16-20:up,up,5440,5456,8.684999999999999,1.0,4.0,4.0,1.0,34.739999999999995
mfrr:2025-02-26:20-24:up,up,5456,5472,8.684999999999999,1.0,4.0,4.0,0.8125004859888902,28.22626688325404
mfrr:2025-02-27:8-12:up,up,5504,5520,8.684999999999999,1.0,4.0,4.0,1.0,34.739999999999995
mfrr:2025-02-27:12-16:up,up,5520,5536,8.684999999999999,1.0,4.0,4.0,1.0,34.739999999999995
mfrr:2025-02-27:16-20:up,up,5536,5552,8.684999999999999,1.0,4.0,4.0,1.0,34.739999999999995
mfrr:2025-02-27:20-24:up,up,5552,5568,8.684999999999999,1.0,4.0,4.0,1.0,34.739999999999995
mfrr:2025-02-28:8-12:up,up,5600,5616,8.684999999999999,1.0,4.0,4.0,1.0,34.739999999999995
mfrr:2025-02-28:12-16:up,up,5616,5632,8.684999999999999,1.0,4.0,4.0,0.8790266036272055,30.537384210009115
mfrr:2025-02-28:16-20:up,up,5632,5648,8.684999999999999,1.0,4.0,4.0,1.0,34.739999999999995
mfrr:2025-02-28:20-24:up,up,5648,5664,8.684999999999999,1.0,4.0,4.0,1.0,34.739999999999995
mfrr:2025-03-01:8-12:up,up,5696,5712,8.684999999999999,1.0,4.0,4.0,1.0,34.739999999999995
mfrr:2025-03-01:12-16:up,up,5712,5728,8.684999999999999,1.0,4.0,4.0,0.8818462648173178,30.635339239753616
mfrr:2025-03-01:16-20:up,up,5728,5744,8.684999999999999,1.0,4.0,4.0,0.879331868131868,30.54798909890109
mfrr:2025-03-01:20-24:up,up,5744,5760,8.684999999999999,1.0,4.0,4.0,0.7694153846153846,26.729490461538457
mfrr:2025-03-02:8-12:up,up,5792,5808,8.684999999999999,1.0,4.0,4.0,0.62515,21.717710999999998
mfrr:2025-03-02:16-20:up,up,5824,5840,8.684999999999999,1.0,4.0,4.0,1.0,34.739999999999995
mfrr:2025-03-02:20-24:up,up,5840,5856,8.684999999999999,1.0,4.0,4.0,1.0,34.739999999999995
mfrr:2025-03-03:8-12:up,up,5888,5904,8.684999999999999,1.0,4.0,4.0,1.0,34.739999999999995
mfrr:2025-03-03:16-20:up,up,5920,5936,8.684999999999999,1.0,4.0,4.0,1.0,34.739999999999995
mfrr:2025-03-03:20-24:up,up,5936,5952,8.684999999999999,1.0,4.0,4.0,1.0,34.739999999999995
mfrr:2025-03-04:8-12:up,up,5984,6000,8.684999999999999,1.0,4.0,4.0,1.0,34.739999999999995
mfrr:2025-03-04:12-16:up,up,6000,6016,8.684999999999999,1.0,4.0,4.0,0.8847419924291862,30.735936816989923
mfrr:2025-03-04:16-20:up,up,6016,6032,8.684999999999999,1.0,4.0,4.0,1.0,34.739999999999995
mfrr:2025-03-04:20-24:up,up,6032,6048,8.684999999999999,1.0,4.0,4.0,1.0,34.739999999999995
mfrr:2025-03-05:8-12:up,up,6080,6096,8.684999999999999,1.0,4.0,4.0,1.0,34.739999999999995
mfrr:2025-03-05:12-16:up,up,6096,6112,8.684999999999999,1.0,4.0,4.0,0.9517101736974073,33.06241143424793
mfrr:2025-03-05:16-20:up,up,6112,6128,8.684999999999999,1.0,4.0,4.0,1.0,34.739999999999995
mfrr:2025-03-05:20-24:up,up,6128,6144,8.684999999999999,1.0,4.0,4.0,1.0,34.739999999999995
mfrr:2025-03-06:8-12:up,up,6176,6192,8.684999999999999,1.0,4.0,4.0,0.9375,32.568749999999994
mfrr:2025-03-06:16-20:up,up,6208,6224,8.684999999999999,1.0,4.0,4.0,1.0,34.739999999999995
mfrr:2025-03-06:20-24:up,up,6224,6240,8.684999999999999,1.0,4.0,4.0,0.6875000000000001,23.88375
mfrr:2025-03-07:8-12:up,up,6272,6288,8.684999999999999,1.0,4.0,4.0,0.5585937500000001,19.405546875000002
mfrr:2025-03-07:16-20:up,up,6304,6320,8.684999999999999,1.0,4.0,4.0,1.0,34.739999999999995
mfrr:2025-03-08:16-20:up,up,6400,6416,8.684999999999999,1.0,4.0,4.0,1.0,34.739999999999995
mfrr:2025-03-09:16-20:up,up,6496,6512,8.684999999999999,1.0,4.0,4.0,1.0,34.739999999999995
mfrr:2025-03-10:8-12:up,up,6560,6576,8.684999999999999,1.0,4.0,4.0,1.0,34.739999999999995
mfrr:2025-03-10:16-20:up,up,6592,6608,8.684999999999999,1.0,4.0,4.0,1.0,34.739999999999995
mfrr:2025-03-11:8-12:up,up,6656,6672,8.684999999999999,1.0,4.0,4.0,1.0,34.739999999999995
mfrr:2025-03-11:16-20:up,up,6688,6704,8.684999999999999,1.0,4.0,4.0,1.0,34.739999999999995
mfrr:2025-03-12:4-8:up,up,6736,6752,8.684999999999999,1.0,4.0,4.0,1.0,34.739999999999995
mfrr:2025-03-12:8-12:up,up,6752,6768,8.684999999999999,1.0,4.0,4.0,1.0,34.739999999999995
mfrr:2025-03-12:12-16:up,up,6768,6784,8.684999999999999,1.0,4.0,4.0,0.9815999999999999,34.10078399999999
mfrr:2025-03-12:16-20:up,up,6784,6800,8.684999999999999,1.0,4.0,4.0,1.0,34.739999999999995
mfrr:2025-03-12:20-24:up,up,6800,6816,8.684999999999999,1.0,4.0,4.0,0.5633013647535474,19.569089411538233
mfrr:2025-03-13:8-12:up,up,6848,6864,8.684999999999999,1.0,4.0,4.0,0.4576823588622573,15.899885146874816
mfrr:2025-03-13:12-16:up,up,6864,6880,8.684999999999999,1.0,4.0,4.0,0.4576823588622573,15.899885146874816
mfrr:2025-03-13:16-20:up,up,6880,6896,8.684999999999999,1.0,4.0,4.0,0.4290772114333662,14.90614232519514
mfrr:2025-03-14:8-12:up,up,6944,6960,8.684999999999999,1.0,4.0,4.0,0.4022598857187808,13.974508429870443
mfrr:2025-03-14:12-16:up,up,6960,6976,8.684999999999999,1.0,4.0,4.0,0.377118642861357,13.10110165300354
mfrr:2025-03-14:16-20:up,up,6976,6992,8.684999999999999,1.0,4.0,4.0,0.377118642861357,13.10110165300354
mfrr:2025-03-15:16-20:up,up,7072,7088,8.684999999999999,1.0,4.0,4.0,0.3535487276825222,12.28228279969082
mfrr:2025-03-16:16-20:up,up,7168,7184,8.684999999999999,1.0,4.0,4.0,1.0,34.739999999999995
mfrr:2025-03-17:16-20:up,up,7264,7280,8.684999999999999,1.0,4.0,4.0,0.68761967619759,23.887907551104274
mfrr:2025-03-18:16-20:up,up,7360,7376,8.684999999999999,1.0,4.0,4.0,1.0,34.739999999999995
mfrr:2025-03-18:20-24:up,up,7376,7392,8.684999999999999,1.0,4.0,4.0,0.9375,32.568749999999994
mfrr:2025-03-19:8-12:up,up,7424,7440,8.684999999999999,1.0,4.0,4.0,0.9375,32.568749999999994
mfrr:2025-03-19:16-20:up,up,7456,7472,8.684999999999999,1.0,4.0,4.0,1.0,34.739999999999995
mfrr:2025-03-19:20-24:up,up,7472,7488,8.684999999999999,1.0,4.0,4.0,0.8125148689935662,28.226766548836483
mfrr:2025-03-20:8-12:up,up,7520,7536,8.684999999999999,1.0,4.0,4.0,0.7109505103693703,24.69842073023192
mfrr:2025-03-20:16-20:up,up,7552,7568,8.684999999999999,1.0,4.0,4.0,1.0,34.739999999999995
mfrr:2025-03-20:20-24:up,up,7568,7584,8.684999999999999,1.0,4.0,4.0,0.875008549837446,30.397797021352872
mfrr:2025-03-21:8-12:up,up,7616,7632,8.684999999999999,1.0,4.0,4.0,0.875008549837446,30.397797021352872
mfrr:2025-03-21:16-20:up,up,7648,7664,8.684999999999999,1.0,4.0,4.0,1.0,34.739999999999995
mfrr:2025-03-21:20-24:up,up,7664,7680,8.684999999999999,1.0,4.0,4.0,0.6250177116675146,21.713115303329456
mfrr:2025-03-22:16-20:up,up,7744,7760,8.684999999999999,1.0,4.0,4.0,1.0,34.739999999999995
mfrr:2025-03-23:16-20:up,up,7840,7856,8.684999999999999,1.0,4.0,4.0,1.0,34.739999999999995
mfrr:2025-03-24:8-12:up,up,7904,7920,8.684999999999999,1.0,4.0,4.0,1.0,34.739999999999995
mfrr:2025-03-24:16-20:up,up,7936,7952,8.684999999999999,1.0,4.0,4.0,1.0,34.739999999999995
mfrr:2025-03-24:20-24:up,up,7952,7968,8.684999999999999,1.0,4.0,4.0,0.9375,32.568749999999994
mfrr:2025-03-25:8-12:up,up,8000,8016,8.684999999999999,1.0,4.0,4.0,0.7617187500000001,26.462109375
mfrr:2025-03-25:16-20:up,up,8032,8048,8.684999999999999,1.0,4.0,4.0,1.0,34.739999999999995
mfrr:2025-03-26:8-12:up,up,8096,8112,8.684999999999999,1.0,4.0,4.0,1.0,34.739999999999995
mfrr:2025-03-26:12-16:up,up,8112,8128,8.684999999999999,1.0,4.0,4.0,0.9137598767593974,31.74401811862146
mfrr:2025-03-26:16-20:up,up,8128,8144,8.684999999999999,1.0,4.0,4.0,0.28794551053368134,10.003227035940089
mfrr:2025-03-27:8-12:up,up,8192,8208,8.684999999999999,1.0,4.0,4.0,0.26994891612532623,9.378025346193832
mfrr:2025-03-27:16-20:up,up,8224,8240,8.684999999999999,1.0,4.0,4.0,0.4557989161253262,15.83445434619383
mfrr:2025-03-28:8-12:up,up,8288,8304,8.684999999999999,1.0,4.0,4.0,0.4557989161253262,15.83445434619383
mfrr:2025-03-28:16-20:up,up,8320,8336,8.684999999999999,1.0,4.0,4.0,1.0,34.739999999999995
mfrr:2025-03-29:8-12:up,up,8384,8400,8.684999999999999,1.0,4.0,4.0,0.7544527833409256,26.20968969326375
mfrr:2025-03-29:12-16:up,up,8400,8416,8.684999999999999,1.0,4.0,4.0,0.7544527833409256,26.20968969326375
mfrr:2025-03-29:16-20:up,up,8416,8432,8.684999999999999,1.0,4.0,4.0,1.0,34.739999999999995
mfrr:2025-03-30:8-12:up,up,8476,8492,8.684999999999999,1.0,4.0,4.0,1.0,34.739999999999995
mfrr:2025-03-30:12-16:up,up,8492,8508,8.684999999999999,1.0,4.0,4.0,1.0,34.739999999999995
mfrr:2025-03-30:16-20:up,up,8508,8524,8.684999999999999,1.0,4.0,4.0,1.0,34.739999999999995
mfrr:2025-03-31:8-12:up,up,8572,8588,8.684999999999999,1.0,4.0,4.0,1.0,34.739999999999995
mfrr:2025-03-31:12-16:up,up,8588,8604,8.684999999999999,1.0,4.0,4.0,1.0,34.739999999999995
mfrr:2025-03-31:16-20:up,up,8604,8620,8.684999999999999,1.0,4.0,4.0,1.0,34.739999999999995
mfrr:2025-04-01:4-8:up,up,8652,8668,8.684999999999999,1.0,4.0,4.0,1.0,34.739999999999995
mfrr:2025-04-01:8-12:up,up,8668,8684,8.684999999999999,1.0,4.0,4.0,0.8751924465024681,30.404185591495736
mfrr:2025-04-01:12-16:up,up,8684,8700,8.684999999999999,1.0,4.0,4.0,0.6092807458752655,21.16641311170672
mfrr:2025-04-01:16-20:up,up,8700,8716,8.684999999999999,1.0,4.0,4.0,1.0,34.739999999999995
mfrr:2025-04-01:20-24:up,up,8716,8732,8.684999999999999,1.0,4.0,4.0,1.0,34.739999999999995
mfrr:2025-04-02:4-8:up,up,8748,8764,8.684999999999999,1.0,4.0,4.0,1.0,34.739999999999995
mfrr:2025-04-02:8-12:up,up,8764,8780,8.684999999999999,1.0,4.0,4.0,1.0,34.739999999999995
mfrr:2025-04-02:12-16:up,up,8780,8796,8.684999999999999,1.0,4.0,4.0,1.0,34.739999999999995
mfrr:2025-04-02:16-20:up,up,8796,8812,8.684999999999999,1.0,4.0,4.0,1.0,34.739999999999995
mfrr:2025-04-02:20-24:up,up,8812,8828,8.684999999999999,1.0,4.0,4.0,0.8764006981232608,30.446160252802077
mfrr:2025-04-03:8-12:up,up,8860,8876,8.684999999999999,1.0,4.0,4.0,1.0,34.739999999999995
mfrr:2025-04-03:12-16:up,up,8876,8892,8.684999999999999,1.0,4.0,4.0,0.5386058448746213,18.71116705094434
mfrr:2025-04-03:16-20:up,up,8892,8908,8.684999999999999,1.0,4.0,4.0,1.0,34.739999999999995
mfrr:2025-04-04:8-12:up,up,8956,8972,8.684999999999999,1.0,4.0,4.0,0.8220977930565111,28.55967733078319
mfrr:2025-04-04:12-16:up,up,8972,8988,8.684999999999999,1.0,4.0,4.0,0.8220977930565111,28.55967733078319
mfrr:2025-04-04:16-20:up,up,8988,9004,8.684999999999999,1.0,4.0,4.0,1.0,34.739999999999995
mfrr:2025-04-04:20-24:up,up,9004,9020,8.684999999999999,1.0,4.0,4.0,1.0,34.739999999999995
mfrr:2025-04-05:8-12:up,up,9052,9068,8.684999999999999,1.0,4.0,4.0,1.0,34.739999999999995
mfrr:2025-04-05:12-16:up,up,9068,9084,8.684999999999999,1.0,4.0,4.0,1.0,34.739999999999995
mfrr:2025-04-05:16-20:up,up,9084,9100,8.684999999999999,1.0,4.0,4.0,1.0,34.739999999999995
mfrr:2025-04-05:20-24:up,up,9100,9116,8.684999999999999,1.0,4.0,4.0,1.0,34.739999999999995
mfrr:2025-04-06:8-12:up,up,9148,9164,8.684999999999999,1.0,4.0,4.0,1.0,34.739999999999995
mfrr:2025-04-06:12-16:up,up,9164,9180,8.684999999999999,1.0,4.0,4.0,1.0,34.739999999999995
mfrr:2025-04-06:16-20:up,up,9180,9196,8.684999999999999,1.0,4.0,4.0,1.0,34.739999999999995
mfrr:2025-04-06:20-24:up,up,9196,9212,8.684999999999999,1.0,4.0,4.0,1.0,34.739999999999995
mfrr:2025-04-07:4-8:up,up,9228,9244,8.684999999999999,1.0,4.0,4.0,1.0,34.739999999999995
mfrr:2025-04-07:8-12:up,up,9244,9260,8.684999999999999,1.0,4.0,4.0,1.0,34.739999999999995
mfrr:2025-04-07:12-16:up,up,9260,9276,8.684999999999999,1.0,4.0,4.0,1.0,34.739999999999995
mfrr:2025-04-07:16-20:up,up,9276,9292,8.684999999999999,1.0,4.0,4.0,1.0,34.739999999999995
mfrr:2025-04-07:20-24:up,up,9292,9308,8.684999999999999,1.0,4.0,4.0,1.0,34.739999999999995
mfrr:2025-04-08:8-12:up,up,9340,9356,8.684999999999999,1.0,4.0,4.0,0.9375,32.568749999999994
mfrr:2025-04-08:12-16:up,up,9356,9372,8.684999999999999,1.0,4.0,4.0,0.9375,32.568749999999994
mfrr:2025-04-08:16-20:up,up,9372,9388,8.684999999999999,1.0,4.0,4.0,1.0,34.739999999999995
mfrr:2025-04-09:8-12:up,up,9436,9452,8.684999999999999,1.0,4.0,4.0,1.0,34.739999999999995
mfrr:2025-04-09:12-16:up,up,9452,9468,8.684999999999999,1.0,4.0,4.0,1.0,34.739999999999995
mfrr:2025-04-09:16-20:up,up,9468,9484,8.684999999999999,1.0,4.0,4.0,1.0,34.739999999999995
mfrr:2025-04-10:8-12:up,up,9532,9548,8.684999999999999,1.0,4.0,4.0,1.0,34.739999999999995
mfrr:2025-04-10:12-16:up,up,9548,9564,8.684999999999999,1.0,4.0,4.0,0.876557560076588,30.451609637060663
mfrr:2025-04-10:16-20:up,up,9564,9580,8.684999999999999,1.0,4.0,4.0,1.0,34.739999999999995
mfrr:2025-04-11:8-12:up,up,9628,9644,8.684999999999999,1.0,4.0,4.0,1.0,34.739999999999995
mfrr:2025-04-11:12-16:up,up,9644,9660,8.684999999999999,1.0,4.0,4.0,1.0,34.739999999999995
mfrr:2025-04-11:16-20:up,up,9660,9676,8.684999999999999,1.0,4.0,4.0,1.0,34.739999999999995
mfrr:2025-04-12:8-12:up,up,9724,9740,8.684999999999999,1.0,4.0,4.0,1.0,34.739999999999995
mfrr:2025-04-12:12-16:up,up,9740,9756,8.684999999999999,1.0,4.0,4.0,1.0,34.739999999999995
mfrr:2025-04-12:16-20:up,up,9756,9772,8.684999999999999,1.0,4.0,4.0,1.0,34.739999999999995
mfrr:2025-04-13:8-12:up,up,9820,9836,8.684999999999999,1.0,4.0,4.0,1.0,34.739999999999995
mfrr:2025-04-13:12-16:up,up,9836,9852,8.684999999999999,1.0,4.0,4.0,1.0,34.739999999999995
mfrr:2025-04-13:16-20:up,up,9852,9868,8.684999999999999,1.0,4.0,4.0,1.0,34.739999999999995
mfrr:2025-04-14:8-12:up,up,9916,9932,8.684999999999999,1.0,4.0,4.0,1.0,34.739999999999995
mfrr:2025-04-14:12-16:up,up,9932,9948,8.684999999999999,1.0,4.0,4.0,1.0,34.739999999999995
mfrr:2025-04-14:16-20:up,up,9948,9964,8.684999999999999,1.0,4.0,4.0,1.0,34.739999999999995
mfrr:2025-04-14:20-24:up,up,9964,9980,8.684999999999999,1.0,4.0,4.0,1.0,34.739999999999995
mfrr:2025-04-15:8-12:up,up,10012,10028,8.684999999999999,1.0,4.0,4.0,1.0,34.739999999999995
mfrr:2025-04-15:12-16:up,up,10028,10044,8.684999999999999,1.0,4.0,4.0,1.0,34.739999999999995
mfrr:2025-04-15:16-20:up,up,10044,10060,8.684999999999999,1.0,4.0,4.0,1.0,34.739999999999995
mfrr:2025-04-15:20-24:up,up,10060,10076,8.684999999999999,1.0,4.0,4.0,1.0,34.739999999999995
mfrr:2025-04-16:8-12:up,up,10108,10124,8.684999999999999,1.0,4.0,4.0,1.0,34.739999999999995
mfrr:2025-04-16:12-16:up,up,10124,10140,8.684999999999999,1.0,4.0,4.0,0.6935766768324231,24.094853753158375
mfrr:2025-04-16:16-20:up,up,10140,10156,8.684999999999999,1.0,4.0,4.0,1.0,34.739999999999995
mfrr:2025-04-16:20-24:up,up,10156,10172,8.684999999999999,1.0,4.0,4.0,0.8786175795950573,30.523174715132285
mfrr:2025-04-17:8-12:up,up,10204,10220,8.684999999999999,1.0,4.0,4.0,1.0,34.739999999999995
mfrr:2025-04-17:12-16:up,up,10220,10236,8.684999999999999,1.0,4.0,4.0,1.0,34.739999999999995
mfrr:2025-04-17:16-20:up,up,10236,10252,8.684999999999999,1.0,4.0,4.0,0.8916000000000003,30.974184000000005
mfrr:2025-04-17:20-24:up,up,10252,10268,8.684999999999999,1.0,4.0,4.0,0.6687000000000001,23.230638
mfrr:2025-04-18:8-12:up,up,10300,10316,8.684999999999999,1.0,4.0,4.0,0.62690625,21.778723124999996
mfrr:2025-04-18:12-16:up,up,10316,10332,8.684999999999999,1.0,4.0,4.0,0.62690625,21.778723124999996
mfrr:2025-04-18:16-20:up,up,10332,10348,8.684999999999999,1.0,4.0,4.0,1.0,34.739999999999995
mfrr:2025-04-18:20-24:up,up,10348,10364,8.684999999999999,1.0,4.0,4.0,1.0,34.739999999999995
mfrr:2025-04-19:8-12:up,up,10396,10412,8.684999999999999,1.0,4.0,4.0,0.7500000000000001,26.055
mfrr:2025-04-19:12-16:up,up,10412,10428,8.684999999999999,1.0,4.0,4.0,0.9358500000000002,32.511429
mfrr:2025-04-19:16-20:up,up,10428,10444,8.684999999999999,1.0,4.0,4.0,1.0,34.739999999999995
mfrr:2025-04-19:20-24:up,up,10444,10460,8.684999999999999,1.0,4.0,4.0,1.0,34.739999999999995
mfrr:2025-04-20:8-12:up,up,10492,10508,8.684999999999999,1.0,4.0,4.0,0.8128416778576895,28.23811988877613
mfrr:2025-04-20:12-16:up,up,10508,10524,8.684999999999999,1.0,4.0,4.0,1.0,34.739999999999995
mfrr:2025-04-20:16-20:up,up,10524,10540,8.684999999999999,1.0,4.0,4.0,0.9695,33.680429999999994
mfrr:2025-04-20:20-24:up,up,10540,10556,8.684999999999999,1.0,4.0,4.0,1.0,34.739999999999995
mfrr:2025-04-21:8-12:up,up,10588,10604,8.684999999999999,1.0,4.0,4.0,1.0,34.739999999999995
mfrr:2025-04-21:12-16:up,up,10604,10620,8.684999999999999,1.0,4.0,4.0,1.0,34.739999999999995
mfrr:2025-04-21:16-20:up,up,10620,10636,8.684999999999999,1.0,4.0,4.0,1.0,34.739999999999995
mfrr:2025-04-21:20-24:up,up,10636,10652,8.684999999999999,1.0,4.0,4.0,1.0,34.739999999999995
mfrr:2025-04-22:8-12:up,up,10684,10700,8.684999999999999,1.0,4.0,4.0,0.9375,32.568749999999994
mfrr:2025-04-22:12-16:up,up,10700,10716,8.684999999999999,1.0,4.0,4.0,0.9375,32.568749999999994
mfrr:2025-04-22:16-20:up,up,10716,10732,8.684999999999999,1.0,4.0,4.0,1.0,34.739999999999995
mfrr:2025-04-22:20-24:up,up,10732,10748,8.684999999999999,1.0,4.0,4.0,1.0,34.739999999999995
mfrr:2025-04-23:8-12:up,up,10780,10796,8.684999999999999,1.0,4.0,4.0,1.0,34.739999999999995
mfrr:2025-04-23:12-16:up,up,10796,10812,8.684999999999999,1.0,4.0,4.0,1.0,34.739999999999995
mfrr:2025-04-23:16-20:up,up,10812,10828,8.684999999999999,1.0,4.0,4.0,1.0,34.739999999999995
mfrr:2025-04-23:20-24:up,up,10828,10844,8.684999999999999,1.0,4.0,4.0,1.0,34.739999999999995
mfrr:2025-04-24:8-12:up,up,10876,10892,8.684999999999999,1.0,4.0,4.0,1.0,34.739999999999995
mfrr:2025-04-24:12-16:up,up,10892,10908,8.684999999999999,1.0,4.0,4.0,0.56803452518554,19.733519404945657
mfrr:2025-04-24:16-20:up,up,10908,10924,8.684999999999999,1.0,4.0,4.0,0.56803452518554,19.733519404945657
mfrr:2025-04-24:20-24:up,up,10924,10940,8.684999999999999,1.0,4.0,4.0,0.56803452518554,19.733519404945657
mfrr:2025-04-25:8-12:up,up,10972,10988,8.684999999999999,1.0,4.0,4.0,0.56803452518554,19.733519404945657
mfrr:2025-04-25:12-16:up,up,10988,11004,8.684999999999999,1.0,4.0,4.0,0.56803452518554,19.733519404945657
mfrr:2025-04-25:16-20:up,up,11004,11020,8.684999999999999,1.0,4.0,4.0,0.56803452518554,19.733519404945657
mfrr:2025-04-25:20-24:up,up,11020,11036,8.684999999999999,1.0,4.0,4.0,0.56803452518554,19.733519404945657
mfrr:2025-04-26:12-16:up,up,11084,11100,8.684999999999999,1.0,4.0,4.0,0.94288452518554,32.755808404945654
mfrr:2025-04-26:16-20:up,up,11100,11116,8.684999999999999,1.0,4.0,4.0,1.0,34.739999999999995
mfrr:2025-04-26:20-24:up,up,11116,11132,8.684999999999999,1.0,4.0,4.0,1.0,34.739999999999995
mfrr:2025-04-27:8-12:up,up,11164,11180,8.684999999999999,1.0,4.0,4.0,1.0,34.739999999999995
mfrr:2025-04-27:12-16:up,up,11180,11196,8.684999999999999,1.0,4.0,4.0,1.0,34.739999999999995
mfrr:2025-04-27:16-20:up,up,11196,11212,8.684999999999999,1.0,4.0,4.0,1.0,34.739999999999995
mfrr:2025-04-27:20-24:up,up,11212,11228,8.684999999999999,1.0,4.0,4.0,1.0,34.739999999999995
mfrr:2025-04-28:8-12:up,up,11260,11276,8.684999999999999,1.0,4.0,4.0,1.0,34.739999999999995
mfrr:2025-04-28:12-16:up,up,11276,11292,8.684999999999999,1.0,4.0,4.0,1.0,34.739999999999995
mfrr:2025-04-28:16-20:up,up,11292,11308,8.684999999999999,1.0,4.0,4.0,1.0,34.739999999999995
mfrr:2025-04-28:20-24:up,up,11308,11324,8.684999999999999,1.0,4.0,4.0,1.0,34.739999999999995
mfrr:2025-04-29:8-12:up,up,11356,11372,8.684999999999999,1.0,4.0,4.0,0.8750243308047044,30.398345252155426
mfrr:2025-04-29:12-16:up,up,11372,11388,8.684999999999999,1.0,4.0,4.0,1.0,34.739999999999995
mfrr:2025-04-29:16-20:up,up,11388,11404,8.684999999999999,1.0,4.0,4.0,1.0,34.739999999999995
mfrr:2025-04-29:20-24:up,up,11404,11420,8.684999999999999,1.0,4.0,4.0,1.0,34.739999999999995
mfrr:2025-04-30:8-12:up,up,11452,11468,8.684999999999999,1.0,4.0,4.0,1.0,34.739999999999995
mfrr:2025-04-30:12-16:up,up,11468,11484,8.684999999999999,1.0,4.0,4.0,1.0,34.739999999999995
mfrr:2025-04-30:16-20:up,up,11484,11500,8.684999999999999,1.0,4.0,4.0,1.0,34.739999999999995
mfrr:2025-04-30:20-24:up,up,11500,11516,8.684999999999999,1.0,4.0,4.0,1.0,34.739999999999995
mfrr:2025-05-01:8-12:up,up,11548,11564,8.684999999999999,1.0,4.0,4.0,1.0,34.739999999999995
mfrr:2025-05-01:12-16:up,up,11564,11580,8.684999999999999,1.0,4.0,4.0,1.0,34.739999999999995
mfrr:2025-05-01:16-20:up,up,11580,11596,8.684999999999999,1.0,4.0,4.0,1.0,34.739999999999995
mfrr:2025-05-01:20-24:up,up,11596,11612,8.684999999999999,1.0,4.0,4.0,1.0,34.739999999999995
mfrr:2025-05-02:8-12:up,up,11644,11660,8.684999999999999,1.0,4.0,4.0,1.0,34.739999999999995
mfrr:2025-05-02:12-16:up,up,11660,11676,8.684999999999999,1.0,4.0,4.0,1.0,34.739999999999995
mfrr:2025-05-02:16-20:up,up,11676,11692,8.684999999999999,1.0,4.0,4.0,1.0,34.739999999999995
mfrr:2025-05-02:20-24:up,up,11692,11708,8.684999999999999,1.0,4.0,4.0,1.0,34.739999999999995
mfrr:2025-05-03:8-12:up,up,11740,11756,8.684999999999999,1.0,4.0,4.0,0.9375,32.568749999999994
mfrr:2025-05-03:12-16:up,up,11756,11772,8.684999999999999,1.0,4.0,4.0,1.0,34.739999999999995
mfrr:2025-05-03:16-20:up,up,11772,11788,8.684999999999999,1.0,4.0,4.0,1.0,34.739999999999995
mfrr:2025-05-03:20-24:up,up,11788,11804,8.684999999999999,1.0,4.0,4.0,1.0,34.739999999999995
mfrr:2025-05-04:8-12:up,up,11836,11852,8.684999999999999,1.0,4.0,4.0,0.875,30.397499999999994
mfrr:2025-05-04:12-16:up,up,11852,11868,8.684999999999999,1.0,4.0,4.0,1.0,34.739999999999995
mfrr:2025-05-04:16-20:up,up,11868,11884,8.684999999999999,1.0,4.0,4.0,1.0,34.739999999999995
mfrr:2025-05-04:20-24:up,up,11884,11900,8.684999999999999,1.0,4.0,4.0,1.0,34.739999999999995
mfrr:2025-05-05:8-12:up,up,11932,11948,8.684999999999999,1.0,4.0,4.0,1.0,34.739999999999995
mfrr:2025-05-05:12-16:up,up,11948,11964,8.684999999999999,1.0,4.0,4.0,1.0,34.739999999999995
mfrr:2025-05-05:16-20:up,up,11964,11980,8.684999999999999,1.0,4.0,4.0,1.0,34.739999999999995
mfrr:2025-05-05:20-24:up,up,11980,11996,8.684999999999999,1.0,4.0,4.0,1.0,34.739999999999995
mfrr:2025-05-06:8-12:up,up,12028,12044,8.684999999999999,1.0,4.0,4.0,1.0,34.739999999999995
mfrr:2025-05-06:12-16:up,up,12044,12060,8.684999999999999,1.0,4.0,4.0,1.0,34.739999999999995
mfrr:2025-05-06:16-20:up,up,12060,12076,8.684999999999999,1.0,4.0,4.0,1.0,34.739999999999995
mfrr:2025-05-06:20-24:up,up,12076,12092,8.684999999999999,1.0,4.0,4.0,1.0,34.739999999999995
mfrr:2025-05-07:8-12:up,up,12124,12140,8.684999999999999,1.0,4.0,4.0,1.0,34.739999999999995
mfrr:2025-05-07:12-16:up,up,12140,12156,8.684999999999999,1.0,4.0,4.0,1.0,34.739999999999995
mfrr:2025-05-07:16-20:up,up,12156,12172,8.684999999999999,1.0,4.0,4.0,1.0,34.739999999999995
mfrr:2025-05-07:20-24:up,up,12172,12188,8.684999999999999,1.0,4.0,4.0,1.0,34.739999999999995
mfrr:2025-05-08:16-20:up,up,12252,12268,8.684999999999999,1.0,4.0,4.0,0.8127757510587942,28.235829591782505
mfrr:2025-05-08:20-24:up,up,12268,12284,8.684999999999999,1.0,4.0,4.0,0.8127757510587942,28.235829591782505
mfrr:2025-05-09:16-20:up,up,12348,12364,8.684999999999999,1.0,4.0,4.0,1.0,34.739999999999995
mfrr:2025-05-09:20-24:up,up,12364,12380,8.684999999999999,1.0,4.0,4.0,1.0,34.739999999999995
mfrr:2025-05-10:16-20:up,up,12444,12460,8.684999999999999,1.0,4.0,4.0,1.0,34.739999999999995
mfrr:2025-05-10:20-24:up,up,12460,12476,8.684999999999999,1.0,4.0,4.0,1.0,34.739999999999995
mfrr:2025-05-11:8-12:up,up,12508,12524,8.684999999999999,1.0,4.0,4.0,0.9377038757393025,32.57583264318336
mfrr:2025-05-11:16-20:up,up,12540,12556,8.684999999999999,1.0,4.0,4.0,1.0,34.739999999999995
mfrr:2025-05-11:20-24:up,up,12556,12572,8.684999999999999,1.0,4.0,4.0,1.0,34.739999999999995
mfrr:2025-05-12:8-12:up,up,12604,12620,8.684999999999999,1.0,4.0,4.0,1.0,34.739999999999995
mfrr:2025-05-12:12-16:up,up,12620,12636,8.684999999999999,1.0,4.0,4.0,1.0,34.739999999999995
mfrr:2025-05-12:16-20:up,up,12636,12652,8.684999999999999,1.0,4.0,4.0,1.0,34.739999999999995
mfrr:2025-05-12:20-24:up,up,12652,12668,8.684999999999999,1.0,4.0,4.0,1.0,34.739999999999995
mfrr:2025-05-13:4-8:up,up,12684,12700,8.684999999999999,1.0,4.0,4.0,1.0,34.739999999999995
mfrr:2025-05-13:8-12:up,up,12700,12716,8.684999999999999,1.0,4.0,4.0,1.0,34.739999999999995
mfrr:2025-05-13:12-16:up,up,12716,12732,8.684999999999999,1.0,4.0,4.0,1.0,34.739999999999995
mfrr:2025-05-13:16-20:up,up,12732,12748,8.684999999999999,1.0,4.0,4.0,1.0,34.739999999999995
mfrr:2025-05-13:20-24:up,up,12748,12764,8.684999999999999,1.0,4.0,4.0,0.7610744264137236,26.439725573612755
mfrr:2025-05-14:8-12:up,up,12796,12812,8.684999999999999,1.0,4.0,4.0,0.665940123112008,23.134759876911154
mfrr:2025-05-14:12-16:up,up,12812,12828,8.684999999999999,1.0,4.0,4.0,1.0,34.739999999999995
mfrr:2025-05-14:16-20:up,up,12828,12844,8.684999999999999,1.0,4.0,4.0,1.0,34.739999999999995
mfrr:2025-05-15:8-12:up,up,12892,12908,8.684999999999999,1.0,4.0,4.0,1.0,34.739999999999995
mfrr:2025-05-15:12-16:up,up,12908,12924,8.684999999999999,1.0,4.0,4.0,1.0,34.739999999999995
mfrr:2025-05-15:16-20:up,up,12924,12940,8.684999999999999,1.0,4.0,4.0,1.0,34.739999999999995
mfrr:2025-05-16:8-12:up,up,12988,13004,8.684999999999999,1.0,4.0,4.0,1.0,34.739999999999995
mfrr:2025-05-16:12-16:up,up,13004,13020,8.684999999999999,1.0,4.0,4.0,1.0,34.739999999999995
mfrr:2025-05-16:16-20:up,up,13020,13036,8.684999999999999,1.0,4.0,4.0,1.0,34.739999999999995
mfrr:2025-05-17:8-12:up,up,13084,13100,8.684999999999999,1.0,4.0,4.0,1.0,34.739999999999995
mfrr:2025-05-17:12-16:up,up,13100,13116,8.684999999999999,1.0,4.0,4.0,1.0,34.739999999999995
mfrr:2025-05-17:16-20:up,up,13116,13132,8.684999999999999,1.0,4.0,4.0,1.0,34.739999999999995
mfrr:2025-05-18:12-16:up,up,13196,13212,8.684999999999999,1.0,4.0,4.0,1.0,34.739999999999995
mfrr:2025-05-18:16-20:up,up,13212,13228,8.684999999999999,1.0,4.0,4.0,1.0,34.739999999999995
mfrr:2025-05-19:8-12:up,up,13276,13292,8.684999999999999,1.0,4.0,4.0,1.0,34.739999999999995
mfrr:2025-05-19:12-16:up,up,13292,13308,8.684999999999999,1.0,4.0,4.0,1.0,34.739999999999995
mfrr:2025-05-19:16-20:up,up,13308,13324,8.684999999999999,1.0,4.0,4.0,1.0,34.739999999999995
mfrr:2025-05-19:20-24:up,up,13324,13340,8.684999999999999,1.0,4.0,4.0,1.0,34.739999999999995
mfrr:2025-05-20:8-12:up,up,13372,13388,8.684999999999999,1.0,4.0,4.0,0.9379699960433505,32.58507766254599
mfrr:2025-05-20:12-16:up,up,13388,13404,8.684999999999999,1.0,4.0,4.0,1.0,34.739999999999995
mfrr:2025-05-20:16-20:up,up,13404,13420,8.684999999999999,1.0,4.0,4.0,1.0,34.739999999999995
mfrr:2025-05-20:20-24:up,up,13420,13436,8.684999999999999,1.0,4.0,4.0,1.0,34.739999999999995
mfrr:2025-05-21:8-12:up,up,13468,13484,8.684999999999999,1.0,4.0,4.0,0.8129683548438752,28.24252064727622
mfrr:2025-05-21:12-16:up,up,13484,13500,8.684999999999999,1.0,4.0,4.0,0.7113473104883908,24.712205566366695
mfrr:2025-05-21:16-20:up,up,13500,13516,8.684999999999999,1.0,4.0,4.0,1.0,34.739999999999995
mfrr:2025-05-21:20-24:up,up,13516,13532,8.684999999999999,1.0,4.0,4.0,1.0,34.739999999999995
mfrr:2025-05-22:4-8:up,up,13548,13564,8.684999999999999,1.0,4.0,4.0,1.0,34.739999999999995
mfrr:2025-05-22:8-12:up,up,13564,13580,8.684999999999999,1.0,4.0,4.0,1.0,34.739999999999995
mfrr:2025-05-22:12-16:up,up,13580,13596,8.684999999999999,1.0,4.0,4.0,0.93585,32.51142899999999
mfrr:2025-05-22:16-20:up,up,13596,13612,8.684999999999999,1.0,4.0,4.0,1.0,34.739999999999995
mfrr:2025-05-22:20-24:up,up,13612,13628,8.684999999999999,1.0,4.0,4.0,1.0,34.739999999999995
mfrr:2025-05-23:4-8:up,up,13644,13660,8.684999999999999,1.0,4.0,4.0,1.0,34.739999999999995
mfrr:2025-05-23:8-12:up,up,13660,13676,8.684999999999999,1.0,4.0,4.0,1.0,34.739999999999995
mfrr:2025-05-23:12-16:up,up,13676,13692,8.684999999999999,1.0,4.0,4.0,0.8857631637228015,30.77141230773012
mfrr:2025-05-23:16-20:up,up,13692,13708,8.684999999999999,1.0,4.0,4.0,1.0,34.739999999999995
mfrr:2025-05-23:20-24:up,up,13708,13724,8.684999999999999,1.0,4.0,4.0,1.0,34.739999999999995
mfrr:2025-05-24:8-12:up,up,13756,13772,8.684999999999999,1.0,4.0,4.0,0.9385796242466501,32.60625614632862
mfrr:2025-05-24:12-16:up,up,13772,13788,8.684999999999999,1.0,4.0,4.0,1.0,34.739999999999995
mfrr:2025-05-24:16-20:up,up,13788,13804,8.684999999999999,1.0,4.0,4.0,1.0,34.739999999999995
mfrr:2025-05-24:20-24:up,up,13804,13820,8.684999999999999,1.0,4.0,4.0,1.0,34.739999999999995
mfrr:2025-05-25:16-20:up,up,13884,13900,8.684999999999999,1.0,4.0,4.0,1.0,34.739999999999995
mfrr:2025-05-26:8-12:up,up,13948,13964,8.684999999999999,1.0,4.0,4.0,1.0,34.739999999999995
mfrr:2025-05-26:12-16:up,up,13964,13980,8.684999999999999,1.0,4.0,4.0,0.8930462335308277,31.02442615286095
mfrr:2025-05-26:16-20:up,up,13980,13996,8.684999999999999,1.0,4.0,4.0,1.0,34.739999999999995
mfrr:2025-05-26:20-24:up,up,13996,14012,8.684999999999999,1.0,4.0,4.0,0.9398751301955823,32.65126202299452
mfrr:2025-05-27:8-12:up,up,14044,14060,8.684999999999999,1.0,4.0,4.0,0.8811329345583585,30.61055814655737
mfrr:2025-05-27:16-20:up,up,14076,14092,8.684999999999999,1.0,4.0,4.0,1.0,34.739999999999995
mfrr:2025-05-27:20-24:up,up,14092,14108,8.684999999999999,1.0,4.0,4.0,1.0,34.739999999999995
mfrr:2025-05-28:8-12:up,up,14140,14156,8.684999999999999,1.0,4.0,4.0,0.9375,32.568749999999994
mfrr:2025-05-28:16-20:up,up,14172,14188,8.684999999999999,1.0,4.0,4.0,1.0,34.739999999999995
mfrr:2025-05-28:20-24:up,up,14188,14204,8.684999999999999,1.0,4.0,4.0,0.9420694841563024,32.72749387958994
mfrr:2025-05-29:4-8:up,up,14220,14236,8.684999999999999,1.0,4.0,4.0,0.8243107986367646,28.6365571446412
mfrr:2025-05-29:16-20:up,up,14268,14284,8.684999999999999,1.0,4.0,4.0,1.0,34.739999999999995
mfrr:2025-05-29:20-24:up,up,14284,14300,8.684999999999999,1.0,4.0,4.0,1.0,34.739999999999995
mfrr:2025-05-30:4-8:up,up,14316,14332,8.684999999999999,1.0,4.0,4.0,1.0,34.739999999999995
mfrr:2025-05-30:16-20:up,up,14364,14380,8.684999999999999,1.0,4.0,4.0,1.0,34.739999999999995
mfrr:2025-05-30:20-24:up,up,14380,14396,8.684999999999999,1.0,4.0,4.0,1.0,34.739999999999995
mfrr:2025-05-31:4-8:up,up,14412,14428,8.684999999999999,1.0,4.0,4.0,1.0,34.739999999999995
mfrr:2025-05-31:16-20:up,up,14460,14476,8.684999999999999,1.0,4.0,4.0,1.0,34.739999999999995
mfrr:2025-05-31:20-24:up,up,14476,14492,8.684999999999999,1.0,4.0,4.0,0.9389922070070935,32.620589271426425
mfrr:2025-06-01:4-8:up,up,14508,14524,8.684999999999999,1.0,4.0,4.0,0.645557142317377,22.426655124105675
mfrr:2025-06-01:16-20:up,up,14556,14572,8.684999999999999,1.0,4.0,4.0,1.0,34.739999999999995
mfrr:2025-06-01:20-24:up,up,14572,14588,8.684999999999999,1.0,4.0,4.0,1.0,34.739999999999995
mfrr:2025-06-02:12-16:up,up,14636,14652,8.684999999999999,1.0,4.0,4.0,1.0,34.739999999999995
mfrr:2025-06-02:16-20:up,up,14652,14668,8.684999999999999,1.0,4.0,4.0,1.0,34.739999999999995
mfrr:2025-06-03:8-12:up,up,14716,14732,8.684999999999999,1.0,4.0,4.0,1.0,34.739999999999995
mfrr:2025-06-03:16-20:up,up,14748,14764,8.684999999999999,1.0,4.0,4.0,1.0,34.739999999999995
mfrr:2025-06-04:8-12:up,up,14812,14828,8.684999999999999,1.0,4.0,4.0,1.0,34.739999999999995
mfrr:2025-06-04:16-20:up,up,14844,14860,8.684999999999999,1.0,4.0,4.0,1.0,34.739999999999995
mfrr:2025-06-05:8-12:up,up,14908,14924,8.684999999999999,1.0,4.0,4.0,0.9401690251895158,32.661471935083775
mfrr:2025-06-05:16-20:up,up,14940,14956,8.684999999999999,1.0,4.0,4.0,1.0,34.739999999999995
mfrr:2025-06-06:8-12:up,up,15004,15020,8.684999999999999,1.0,4.0,4.0,0.8822840432127851,30.650547661212148
mfrr:2025-06-06:16-20:up,up,15036,15052,8.684999999999999,1.0,4.0,4.0,1.0,34.739999999999995
mfrr:2025-06-07:12-16:up,up,15116,15132,8.684999999999999,1.0,4.0,4.0,1.0,34.739999999999995
mfrr:2025-06-07:16-20:up,up,15132,15148,8.684999999999999,1.0,4.0,4.0,1.0,34.739999999999995
mfrr:2025-06-07:20-24:up,up,15148,15164,8.684999999999999,1.0,4.0,4.0,0.8949826329138099,31.09169666742575
mfrr:2025-06-09:16-20:up,up,15324,15340,8.684999999999999,1.0,4.0,4.0,1.0,34.739999999999995
mfrr:2025-06-10:16-20:up,up,15420,15436,8.684999999999999,1.0,4.0,4.0,1.0,34.739999999999995
mfrr:2025-06-11:16-20:up,up,15516,15532,8.684999999999999,1.0,4.0,4.0,1.0,34.739999999999995
mfrr:2025-06-12:16-20:up,up,15612,15628,8.684999999999999,1.0,4.0,4.0,1.0,34.739999999999995
mfrr:2025-06-13:16-20:up,up,15708,15724,8.684999999999999,1.0,4.0,4.0,1.0,34.739999999999995
mfrr:2025-06-14:16-20:up,up,15804,15820,8.684999999999999,1.0,4.0,4.0,1.0,34.739999999999995
mfrr:2025-06-14:20-24:up,up,15820,15836,8.684999999999999,1.0,4.0,4.0,1.0,34.739999999999995
mfrr:2025-06-15:8-12:up,up,15868,15884,8.684999999999999,1.0,4.0,4.0,1.0,34.739999999999995
mfrr:2025-06-15:16-20:up,up,15900,15916,8.684999999999999,1.0,4.0,4.0,1.0,34.739999999999995
mfrr:2025-06-15:20-24:up,up,15916,15932,8.684999999999999,1.0,4.0,4.0,1.0,34.739999999999995
mfrr:2025-06-16:0-4:up,up,15932,15948,8.684999999999999,1.0,4.0,4.0,0.937508769587356,32.56905465546474
mfrr:2025-06-16:4-8:up,up,15948,15964,8.684999999999999,1.0,4.0,4.0,0.937508769587356,32.56905465546474
mfrr:2025-06-16:8-12:up,up,15964,15980,8.684999999999999,1.0,4.0,4.0,0.8789144714881462,30.533488739498193
mfrr:2025-06-16:12-16:up,up,15980,15996,8.684999999999999,1.0,4.0,4.0,0.7744823389479099,26.905516455050385
mfrr:2025-06-16:16-20:up,up,15996,16012,8.684999999999999,1.0,4.0,4.0,1.0,34.739999999999995
mfrr:2025-06-16:20-24:up,up,16012,16028,8.684999999999999,1.0,4.0,4.0,1.0,34.739999999999995
mfrr:2025-06-17:0-4:up,up,16028,16044,8.684999999999999,1.0,4.0,4.0,0.8150466678638494,28.314721241590124
mfrr:2025-06-17:4-8:up,up,16044,16060,8.684999999999999,1.0,4.0,4.0,0.8150466678638494,28.314721241590124
mfrr:2025-06-17:8-12:up,up,16060,16076,8.684999999999999,1.0,4.0,4.0,0.8150466678638494,28.314721241590124
mfrr:2025-06-17:12-16:up,up,16076,16092,8.684999999999999,1.0,4.0,4.0,1.0,34.739999999999995
mfrr:2025-06-17:16-20:up,up,16092,16108,8.684999999999999,1.0,4.0,4.0,1.0,34.739999999999995
mfrr:2025-06-17:20-24:up,up,16108,16124,8.684999999999999,1.0,4.0,4.0,0.8493262783852449,29.505594911103405
mfrr:2025-06-18:0-4:up,up,16124,16140,8.684999999999999,1.0,4.0,4.0,0.6900776011880116,23.97329586527152
mfrr:2025-06-18:4-8:up,up,16140,16156,8.684999999999999,1.0,4.0,4.0,0.60381790103951,20.976633882112576
mfrr:2025-06-18:8-12:up,up,16156,16172,8.684999999999999,1.0,4.0,4.0,0.5660792822245406,19.66559426448054
mfrr:2025-06-18:12-16:up,up,16172,16188,8.684999999999999,1.0,4.0,4.0,0.6811693719464731,23.66382398142047
mfrr:2025-06-18:16-20:up,up,16188,16204,8.684999999999999,1.0,4.0,4.0,1.0,34.739999999999995
mfrr:2025-06-18:20-24:up,up,16204,16220,8.684999999999999,1.0,4.0,4.0,1.0,34.739999999999995
mfrr:2025-06-19:0-4:up,up,16220,16236,8.684999999999999,1.0,4.0,4.0,0.7500000000000001,26.055
mfrr:2025-06-19:4-8:up,up,16236,16252,8.684999999999999,1.0,4.0,4.0,0.7500000000000001,26.055
mfrr:2025-06-19:8-12:up,up,16252,16268,8.684999999999999,1.0,4.0,4.0,0.65625,22.798124999999995
mfrr:2025-06-19:12-16:up,up,16268,16284,8.684999999999999,1.0,4.0,4.0,0.9080531250000001,31.5457655625
mfrr:2025-06-19:16-20:up,up,16284,16300,8.684999999999999,1.0,4.0,4.0,1.0,34.739999999999995
mfrr:2025-06-19:20-24:up,up,16300,16316,8.684999999999999,1.0,4.0,4.0,1.0,34.739999999999995
mfrr:2025-06-20:8-12:up,up,16348,16364,8.684999999999999,1.0,4.0,4.0,0.8125126599736766,28.22668980748552
mfrr:2025-06-20:12-16:up,up,16364,16380,8.684999999999999,1.0,4.0,4.0,0.8125126599736766,28.22668980748552
mfrr:2025-06-20:16-20:up,up,16380,16396,8.684999999999999,1.0,4.0,4.0,1.0,34.739999999999995
mfrr:2025-06-20:20-24:up,up,16396,16412,8.684999999999999,1.0,4.0,4.0,1.0,34.739999999999995
mfrr:2025-06-21:4-8:up,up,16428,16444,8.684999999999999,1.0,4.0,4.0,1.0,34.739999999999995
mfrr:2025-06-21:8-12:up,up,16444,16460,8.684999999999999,1.0,4.0,4.0,1.0,34.739999999999995
mfrr:2025-06-21:12-16:up,up,16460,16476,8.684999999999999,1.0,4.0,4.0,1.0,34.739999999999995
mfrr:2025-06-21:16-20:up,up,16476,16492,8.684999999999999,1.0,4.0,4.0,1.0,34.739999999999995
mfrr:2025-06-21:20-24:up,up,16492,16508,8.684999999999999,1.0,4.0,4.0,1.0,34.739999999999995
mfrr:2025-06-22:4-8:up,up,16524,16540,8.684999999999999,1.0,4.0,4.0,1.0,34.739999999999995
mfrr:2025-06-22:8-12:up,up,16540,16556,8.684999999999999,1.0,4.0,4.0,1.0,34.739999999999995
mfrr:2025-06-22:12-16:up,up,16556,16572,8.684999999999999,1.0,4.0,4.0,1.0,34.739999999999995
mfrr:2025-06-22:16-20:up,up,16572,16588,8.684999999999999,1.0,4.0,4.0,1.0,34.739999999999995
mfrr:2025-06-22:20-24:up,up,16588,16604,8.684999999999999,1.0,4.0,4.0,1.0,34.739999999999995
mfrr:2025-06-23:4-8:up,up,16620,16636,8.684999999999999,1.0,4.0,4.0,1.0,34.739999999999995
mfrr:2025-06-23:8-12:up,up,16636,16652,8.684999999999999,1.0,4.0,4.0,1.0,34.739999999999995
mfrr:2025-06-23:12-16:up,up,16652,16668,8.684999999999999,1.0,4.0,4.0,1.0,34.739999999999995
mfrr:2025-06-23:16-20:up,up,16668,16684,8.684999999999999,1.0,4.0,4.0,1.0,34.739999999999995
mfrr:2025-06-23:20-24:up,up,16684,16700,8.684999999999999,1.0,4.0,4.0,1.0,34.739999999999995
mfrr:2025-06-24:8-12:up,up,16732,16748,8.684999999999999,1.0,4.0,4.0,1.0,34.739999999999995
mfrr:2025-06-24:12-16:up,up,16748,16764,8.684999999999999,1.0,4.0,4.0,1.0,34.739999999999995
mfrr:2025-06-24:16-20:up,up,16764,16780,8.684999999999999,1.0,4.0,4.0,1.0,34.739999999999995
mfrr:2025-06-25:8-12:up,up,16828,16844,8.684999999999999,1.0,4.0,4.0,1.0,34.739999999999995
mfrr:2025-06-25:12-16:up,up,16844,16860,8.684999999999999,1.0,4.0,4.0,1.0,34.739999999999995
mfrr:2025-06-25:16-20:up,up,16860,16876,8.684999999999999,1.0,4.0,4.0,1.0,34.739999999999995
mfrr:2025-06-26:8-12:up,up,16924,16940,8.684999999999999,1.0,4.0,4.0,1.0,34.739999999999995
mfrr:2025-06-26:12-16:up,up,16940,16956,8.684999999999999,1.0,4.0,4.0,0.8192481493073086,28.460680706935896
mfrr:2025-06-26:16-20:up,up,16956,16972,8.684999999999999,1.0,4.0,4.0,0.8192481493073086,28.460680706935896
mfrr:2025-06-27:12-16:up,up,17036,17052,8.684999999999999,1.0,4.0,4.0,0.8192481493073086,28.460680706935896
mfrr:2025-06-27:16-20:up,up,17052,17068,8.684999999999999,1.0,4.0,4.0,0.8192481493073086,28.460680706935896
mfrr:2025-06-29:8-12:up,up,17212,17228,8.684999999999999,1.0,4.0,4.0,1.0,34.739999999999995
mfrr:2025-06-29:12-16:up,up,17228,17244,8.684999999999999,1.0,4.0,4.0,1.0,34.739999999999995
mfrr:2025-06-29:16-20:up,up,17244,17260,8.684999999999999,1.0,4.0,4.0,1.0,34.739999999999995
mfrr:2025-06-30:0-4:up,up,17276,17292,8.684999999999999,1.0,4.0,4.0,1.0,34.739999999999995
mfrr:2025-06-30:4-8:up,up,17292,17308,8.684999999999999,1.0,4.0,4.0,1.0,34.739999999999995
mfrr:2025-06-30:16-20:up,up,17340,17356,8.684999999999999,1.0,4.0,4.0,1.0,34.739999999999995
mfrr:2025-06-30:20-24:up,up,17356,17372,8.684999999999999,1.0,4.0,4.0,1.0,34.739999999999995
mfrr:2025-07-01:0-4:up,up,17372,17388,8.684999999999999,1.0,4.0,4.0,0.44409526130932053,15.427869377885793
mfrr:2025-07-01:4-8:up,up,17388,17404,8.684999999999999,1.0,4.0,4.0,0.416339307477488,14.46362754176793
mfrr:2025-07-01:16-20:up,up,17436,17452,8.684999999999999,1.0,4.0,4.0,1.0,34.739999999999995
mfrr:2025-07-01:20-24:up,up,17452,17468,8.684999999999999,1.0,4.0,4.0,0.9407770326930338,32.68259411575599
mfrr:2025-07-02:0-4:up,up,17468,17484,8.684999999999999,1.0,4.0,4.0,0.4115899518032024,14.298634925643249
mfrr:2025-07-02:4-8:up,up,17484,17500,8.684999999999999,1.0,4.0,4.0,0.6668266666666667,23.1655584
mfrr:2025-07-02:8-12:up,up,17500,17516,8.684999999999999,1.0,4.0,4.0,0.6668266666666668,23.165558400000002
mfrr:2025-07-02:12-16:up,up,17516,17532,8.684999999999999,1.0,4.0,4.0,0.62515,21.717710999999998
mfrr:2025-07-02:16-20:up,up,17532,17548,8.684999999999999,1.0,4.0,4.0,1.0,34.739999999999995
mfrr:2025-07-02:20-24:up,up,17548,17564,8.684999999999999,1.0,4.0,4.0,0.7612770061811479,26.446763194733073
mfrr:2025-07-03:4-8:up,up,17580,17596,8.684999999999999,1.0,4.0,4.0,0.7136971932948263,24.793840495062263
mfrr:2025-07-03:16-20:up,up,17628,17644,8.684999999999999,1.0,4.0,4.0,0.8995471932948262,31.25026949506226
mfrr:2025-07-03:20-24:up,up,17644,17660,8.684999999999999,1.0,4.0,4.0,0.8995471932948262,31.25026949506226
mfrr:2025-07-04:16-20:up,up,17724,17740,8.684999999999999,1.0,4.0,4.0,1.0,34.739999999999995
mfrr:2025-07-04:20-24:up,up,17740,17756,8.684999999999999,1.0,4.0,4.0,1.0,34.739999999999995
mfrr:2025-07-05:16-20:up,up,17820,17836,8.684999999999999,1.0,4.0,4.0,1.0,34.739999999999995
mfrr:2025-07-05:20-24:up,up,17836,17852,8.684999999999999,1.0,4.0,4.0,1.0,34.739999999999995
mfrr:2025-07-06:16-20:up,up,17916,17932,8.684999999999999,1.0,4.0,4.0,1.0,34.739999999999995
mfrr:2025-07-06:20-24:up,up,17932,17948,8.684999999999999,1.0,4.0,4.0,0.7590758270287171,26.370294230977628
mfrr:2025-07-07:8-12:up,up,17980,17996,8.684999999999999,1.0,4.0,4.0,0.6167491094608326,21.425864062669323
mfrr:2025-07-07:16-20:up,up,18012,18028,8.684999999999999,1.0,4.0,4.0,0.811,28.174139999999998
mfrr:2025-07-07:20-24:up,up,18028,18044,8.684999999999999,1.0,4.0,4.0,1.0,34.739999999999995
mfrr:2025-07-08:16-20:up,up,18108,18124,8.684999999999999,1.0,4.0,4.0,1.0,34.739999999999995
mfrr:2025-07-08:20-24:up,up,18124,18140,8.684999999999999,1.0,4.0,4.0,1.0,34.739999999999995
mfrr:2025-07-09:16-20:up,up,18204,18220,8.684999999999999,1.0,4.0,4.0,1.0,34.739999999999995
mfrr:2025-07-09:20-24:up,up,18220,18236,8.684999999999999,1.0,4.0,4.0,1.0,34.739999999999995
mfrr:2025-07-10:16-20:up,up,18300,18316,8.684999999999999,1.0,4.0,4.0,1.0,34.739999999999995
mfrr:2025-07-10:20-24:up,up,18316,18332,8.684999999999999,1.0,4.0,4.0,1.0,34.739999999999995
mfrr:2025-07-11:0-4:up,up,18332,18348,8.684999999999999,1.0,4.0,4.0,0.9375,32.568749999999994
mfrr:2025-07-11:16-20:up,up,18396,18412,8.684999999999999,1.0,4.0,4.0,1.0,34.739999999999995
mfrr:2025-07-11:20-24:up,up,18412,18428,8.684999999999999,1.0,4.0,4.0,1.0,34.739999999999995
mfrr:2025-07-12:12-16:up,up,18476,18492,8.684999999999999,1.0,4.0,4.0,1.0,34.739999999999995
mfrr:2025-07-12:16-20:up,up,18492,18508,8.684999999999999,1.0,4.0,4.0,1.0,34.739999999999995
mfrr:2025-07-12:20-24:up,up,18508,18524,8.684999999999999,1.0,4.0,4.0,0.8890449311868682,30.885420909431797
mfrr:2025-07-13:12-16:up,up,18572,18588,8.684999999999999,1.0,4.0,4.0,1.0,34.739999999999995
mfrr:2025-07-13:16-20:up,up,18588,18604,8.684999999999999,1.0,4.0,4.0,1.0,34.739999999999995
mfrr:2025-07-13:20-24:up,up,18604,18620,8.684999999999999,1.0,4.0,4.0,1.0,34.739999999999995
mfrr:2025-07-14:12-16:up,up,18668,18684,8.684999999999999,1.0,4.0,4.0,1.0,34.739999999999995
mfrr:2025-07-14:16-20:up,up,18684,18700,8.684999999999999,1.0,4.0,4.0,0.889924000597536,30.915959780758396
mfrr:2025-07-14:20-24:up,up,18700,18716,8.684999999999999,1.0,4.0,4.0,0.889924000597536,30.915959780758396
mfrr:2025-07-15:8-12:up,up,18748,18764,8.684999999999999,1.0,4.0,4.0,0.889924000597536,30.915959780758396
mfrr:2025-07-15:12-16:up,up,18764,18780,8.684999999999999,1.0,4.0,4.0,0.889924000597536,30.915959780758396
mfrr:2025-07-15:16-20:up,up,18780,18796,8.684999999999999,1.0,4.0,4.0,1.0,34.739999999999995
mfrr:2025-07-15:20-24:up,up,18796,18812,8.684999999999999,1.0,4.0,4.0,1.0,34.739999999999995
mfrr:2025-07-16:16-20:up,up,18876,18892,8.684999999999999,1.0,4.0,4.0,1.0,34.739999999999995
mfrr:2025-07-17:16-20:up,up,18972,18988,8.684999999999999,1.0,4.0,4.0,0.8267883285296405,28.722626533119705
mfrr:2025-07-17:20-24:up,up,18988,19004,8.684999999999999,1.0,4.0,4.0,0.8267883285296405,28.722626533119705
mfrr:2025-07-18:16-20:up,up,19068,19084,8.684999999999999,1.0,4.0,4.0,0.8267883285296405,28.722626533119705
mfrr:2025-07-18:20-24:up,up,19084,19100,8.684999999999999,1.0,4.0,4.0,0.8267883285296405,28.722626533119705
mfrr:2025-07-19:16-20:up,up,19164,19180,8.684999999999999,1.0,4.0,4.0,1.0,34.739999999999995
mfrr:2025-07-19:20-24:up,up,19180,19196,8.684999999999999,1.0,4.0,4.0,1.0,34.739999999999995
mfrr:2025-07-20:16-20:up,up,19260,19276,8.684999999999999,1.0,4.0,4.0,1.0,34.739999999999995
mfrr:2025-07-20:20-24:up,up,19276,19292,8.684999999999999,1.0,4.0,4.0,1.0,34.739999999999995
mfrr:2025-07-21:16-20:up,up,19356,19372,8.684999999999999,1.0,4.0,4.0,1.0,34.739999999999995
mfrr:2025-07-21:20-24:up,up,19372,19388,8.684999999999999,1.0,4.0,4.0,1.0,34.739999999999995
mfrr:2025-07-22:16-20:up,up,19452,19468,8.684999999999999,1.0,4.0,4.0,1.0,34.739999999999995
mfrr:2025-07-22:20-24:up,up,19468,19484,8.684999999999999,1.0,4.0,4.0,1.0,34.739999999999995
mfrr:2025-07-23:16-20:up,up,19548,19564,8.684999999999999,1.0,4.0,4.0,1.0,34.739999999999995
mfrr:2025-07-23:20-24:up,up,19564,19580,8.684999999999999,1.0,4.0,4.0,1.0,34.739999999999995
mfrr:2025-07-24:16-20:up,up,19644,19660,8.684999999999999,1.0,4.0,4.0,1.0,34.739999999999995
mfrr:2025-07-24:20-24:up,up,19660,19676,8.684999999999999,1.0,4.0,4.0,1.0,34.739999999999995
mfrr:2025-07-25:16-20:up,up,19740,19756,8.684999999999999,1.0,4.0,4.0,1.0,34.739999999999995
mfrr:2025-07-25:20-24:up,up,19756,19772,8.684999999999999,1.0,4.0,4.0,1.0,34.739999999999995
mfrr:2025-07-26:16-20:up,up,19836,19852,8.684999999999999,1.0,4.0,4.0,0.9375,32.568749999999994
mfrr:2025-07-26:20-24:up,up,19852,19868,8.684999999999999,1.0,4.0,4.0,0.9375,32.568749999999994
mfrr:2025-07-27:16-20:up,up,19932,19948,8.684999999999999,1.0,4.0,4.0,1.0,34.739999999999995
mfrr:2025-07-27:20-24:up,up,19948,19964,8.684999999999999,1.0,4.0,4.0,1.0,34.739999999999995
mfrr:2025-07-28:16-20:up,up,20028,20044,8.684999999999999,1.0,4.0,4.0,1.0,34.739999999999995
mfrr:2025-07-28:20-24:up,up,20044,20060,8.684999999999999,1.0,4.0,4.0,1.0,34.739999999999995
mfrr:2025-07-29:16-20:up,up,20124,20140,8.684999999999999,1.0,4.0,4.0,1.0,34.739999999999995
mfrr:2025-07-29:20-24:up,up,20140,20156,8.684999999999999,1.0,4.0,4.0,1.0,34.739999999999995
mfrr:2025-07-30:16-20:up,up,20220,20236,8.684999999999999,1.0,4.0,4.0,1.0,34.739999999999995
mfrr:2025-07-30:20-24:up,up,20236,20252,8.684999999999999,1.0,4.0,4.0,1.0,34.739999999999995
mfrr:2025-07-31:16-20:up,up,20316,20332,8.684999999999999,1.0,4.0,4.0,1.0,34.739999999999995
mfrr:2025-07-31:20-24:up,up,20332,20348,8.684999999999999,1.0,4.0,4.0,1.0,34.739999999999995
mfrr:2025-08-02:12-16:up,up,20492,20508,8.684999999999999,1.0,4.0,4.0,1.0,34.739999999999995
mfrr:2025-08-02:16-20:up,up,20508,20524,8.684999999999999,1.0,4.0,4.0,1.0,34.739999999999995
mfrr:2025-08-02:20-24:up,up,20524,20540,8.684999999999999,1.0,4.0,4.0,1.0,34.739999999999995
mfrr:2025-08-03:12-16:up,up,20588,20604,8.684999999999999,1.0,4.0,4.0,1.0,34.739999999999995
mfrr:2025-08-03:20-24:up,up,20620,20636,8.684999999999999,1.0,4.0,4.0,1.0,34.739999999999995
mfrr:2025-08-04:12-16:up,up,20684,20700,8.684999999999999,1.0,4.0,4.0,1.0,34.739999999999995
mfrr:2025-08-04:20-24:up,up,20716,20732,8.684999999999999,1.0,4.0,4.0,1.0,34.739999999999995
mfrr:2025-08-05:16-20:up,up,20796,20812,8.684999999999999,1.0,4.0,4.0,1.0,34.739999999999995
mfrr:2025-08-05:20-24:up,up,20812,20828,8.684999999999999,1.0,4.0,4.0,1.0,34.739999999999995
mfrr:2025-08-07:8-12:up,up,20956,20972,8.684999999999999,1.0,4.0,4.0,1.0,34.739999999999995
mfrr:2025-08-08:8-12:up,up,21052,21068,8.684999999999999,1.0,4.0,4.0,1.0,34.739999999999995
mfrr:2025-08-08:12-16:up,up,21068,21084,8.684999999999999,1.0,4.0,4.0,1.0,34.739999999999995
mfrr:2025-08-09:12-16:up,up,21164,21180,8.684999999999999,1.0,4.0,4.0,1.0,34.739999999999995
mfrr:2025-08-09:16-20:up,up,21180,21196,8.684999999999999,1.0,4.0,4.0,1.0,34.739999999999995
mfrr:2025-08-10:12-16:up,up,21260,21276,8.684999999999999,1.0,4.0,4.0,1.0,34.739999999999995
mfrr:2025-08-10:16-20:up,up,21276,21292,8.684999999999999,1.0,4.0,4.0,1.0,34.739999999999995
mfrr:2025-08-10:20-24:up,up,21292,21308,8.684999999999999,1.0,4.0,4.0,1.0,34.739999999999995
mfrr:2025-08-11:12-16:up,up,21356,21372,8.684999999999999,1.0,4.0,4.0,1.0,34.739999999999995
mfrr:2025-08-11:16-20:up,up,21372,21388,8.684999999999999,1.0,4.0,4.0,1.0,34.739999999999995
mfrr:2025-08-11:20-24:up,up,21388,21404,8.684999999999999,1.0,4.0,4.0,1.0,34.739999999999995
mfrr:2025-08-12:16-20:up,up,21468,21484,8.684999999999999,1.0,4.0,4.0,1.0,34.739999999999995
mfrr:2025-08-13:16-20:up,up,21564,21580,8.684999999999999,1.0,4.0,4.0,1.0,34.739999999999995
mfrr:2025-08-13:20-24:up,up,21580,21596,8.684999999999999,1.0,4.0,4.0,1.0,34.739999999999995
mfrr:2025-08-14:8-12:up,up,21628,21644,8.684999999999999,1.0,4.0,4.0,0.8128422644545876,28.23814026715237
mfrr:2025-08-14:12-16:up,up,21644,21660,8.684999999999999,1.0,4.0,4.0,0.8128422644545876,28.23814026715237
mfrr:2025-08-14:16-20:up,up,21660,21676,8.684999999999999,1.0,4.0,4.0,0.8128422644545876,28.23814026715237
mfrr:2025-08-14:20-24:up,up,21676,21692,8.684999999999999,1.0,4.0,4.0,0.8128422644545876,28.23814026715237
mfrr:2025-08-15:8-12:up,up,21724,21740,8.684999999999999,1.0,4.0,4.0,0.8128422644545876,28.23814026715237
mfrr:2025-08-15:12-16:up,up,21740,21756,8.684999999999999,1.0,4.0,4.0,0.947889622926176,32.92968550045535
mfrr:2025-08-15:16-20:up,up,21756,21772,8.684999999999999,1.0,4.0,4.0,1.0,34.739999999999995
mfrr:2025-08-15:20-24:up,up,21772,21788,8.684999999999999,1.0,4.0,4.0,1.0,34.739999999999995
mfrr:2025-08-16:8-12:up,up,21820,21836,8.684999999999999,1.0,4.0,4.0,1.0,34.739999999999995
mfrr:2025-08-16:16-20:up,up,21852,21868,8.684999999999999,1.0,4.0,4.0,1.0,34.739999999999995
mfrr:2025-08-16:20-24:up,up,21868,21884,8.684999999999999,1.0,4.0,4.0,0.9213669557512372,32.00828804279797
mfrr:2025-08-17:8-12:up,up,21916,21932,8.684999999999999,1.0,4.0,4.0,0.9213669557512372,32.00828804279797
mfrr:2025-08-19:16-20:up,up,22140,22156,8.684999999999999,1.0,4.0,4.0,1.0,34.739999999999995
mfrr:2025-08-20:12-16:up,up,22220,22236,8.684999999999999,1.0,4.0,4.0,0.8337223217748759,28.963513458459186
mfrr:2025-08-20:16-20:up,up,22236,22252,8.684999999999999,1.0,4.0,4.0,1.0,34.739999999999995
mfrr:2025-08-21:12-16:up,up,22316,22332,8.684999999999999,1.0,4.0,4.0,1.0,34.739999999999995
mfrr:2025-08-21:16-20:up,up,22332,22348,8.684999999999999,1.0,4.0,4.0,1.0,34.739999999999995
mfrr:2025-08-21:20-24:up,up,22348,22364,8.684999999999999,1.0,4.0,4.0,1.0,34.739999999999995
mfrr:2025-08-22:12-16:up,up,22412,22428,8.684999999999999,1.0,4.0,4.0,0.8125000000000001,28.22625
mfrr:2025-08-22:16-20:up,up,22428,22444,8.684999999999999,1.0,4.0,4.0,0.7109375,24.697968749999998
mfrr:2025-08-22:20-24:up,up,22444,22460,8.684999999999999,1.0,4.0,4.0,0.7109375,24.697968749999998
mfrr:2025-08-25:20-24:up,up,22732,22748,8.684999999999999,1.0,4.0,4.0,1.0,34.739999999999995
mfrr:2025-08-26:16-20:up,up,22812,22828,8.684999999999999,1.0,4.0,4.0,1.0,34.739999999999995
mfrr:2025-08-26:20-24:up,up,22828,22844,8.684999999999999,1.0,4.0,4.0,1.0,34.739999999999995
mfrr:2025-08-27:16-20:up,up,22908,22924,8.684999999999999,1.0,4.0,4.0,1.0,34.739999999999995
mfrr:2025-08-27:20-24:up,up,22924,22940,8.684999999999999,1.0,4.0,4.0,0.8903933542203567,30.93226512561519
mfrr:2025-08-28:20-24:up,up,23020,23036,8.684999999999999,1.0,4.0,4.0,0.8903933542203567,30.93226512561519
mfrr:2025-08-30:0-4:up,up,23132,23148,8.684999999999999,1.0,4.0,4.0,0.8903933542203567,30.93226512561519
mfrr:2025-08-30:4-8:up,up,23148,23164,8.684999999999999,1.0,4.0,4.0,0.8903933542203567,30.93226512561519
mfrr:2025-08-30:12-16:up,up,23180,23196,8.684999999999999,1.0,4.0,4.0,1.0,34.739999999999995
mfrr:2025-08-31:0-4:up,up,23228,23244,8.684999999999999,1.0,4.0,4.0,1.0,34.739999999999995
mfrr:2025-08-31:4-8:up,up,23244,23260,8.684999999999999,1.0,4.0,4.0,1.0,34.739999999999995
mfrr:2025-08-31:12-16:up,up,23276,23292,8.684999999999999,1.0,4.0,4.0,1.0,34.739999999999995
mfrr:2025-09-01:12-16:up,up,23372,23388,8.684999999999999,1.0,4.0,4.0,1.0,34.739999999999995
mfrr:2025-09-01:16-20:up,up,23388,23404,8.684999999999999,1.0,4.0,4.0,1.0,34.739999999999995
mfrr:2025-09-02:8-12:up,up,23452,23468,8.684999999999999,1.0,4.0,4.0,1.0,34.739999999999995
mfrr:2025-09-02:16-20:up,up,23484,23500,8.684999999999999,1.0,4.0,4.0,1.0,34.739999999999995
mfrr:2025-09-02:20-24:up,up,23500,23516,8.684999999999999,1.0,4.0,4.0,1.0,34.739999999999995
mfrr:2025-09-03:8-12:up,up,23548,23564,8.684999999999999,1.0,4.0,4.0,1.0,34.739999999999995
mfrr:2025-09-03:16-20:up,up,23580,23596,8.684999999999999,1.0,4.0,4.0,1.0,34.739999999999995
mfrr:2025-09-03:20-24:up,up,23596,23612,8.684999999999999,1.0,4.0,4.0,0.9377959471964112,32.57903120560332
mfrr:2025-09-04:8-12:up,up,23644,23660,8.684999999999999,1.0,4.0,4.0,0.8791837004966355,30.542841755253114
mfrr:2025-09-04:16-20:up,up,23676,23692,8.684999999999999,1.0,4.0,4.0,1.0,34.739999999999995
mfrr:2025-09-04:20-24:up,up,23692,23708,8.684999999999999,1.0,4.0,4.0,1.0,34.739999999999995
mfrr:2025-09-05:12-16:up,up,23756,23772,8.684999999999999,1.0,4.0,4.0,1.0,34.739999999999995
mfrr:2025-09-05:16-20:up,up,23772,23788,8.684999999999999,1.0,4.0,4.0,1.0,34.739999999999995
mfrr:2025-09-05:20-24:up,up,23788,23804,8.684999999999999,1.0,4.0,4.0,1.0,34.739999999999995
mfrr:2025-09-06:12-16:up,up,23852,23868,8.684999999999999,1.0,4.0,4.0,1.0,34.739999999999995
mfrr:2025-09-08:16-20:up,up,24060,24076,8.684999999999999,1.0,4.0,4.0,1.0,34.739999999999995
mfrr:2025-09-08:20-24:up,up,24076,24092,8.684999999999999,1.0,4.0,4.0,0.8813768242049381,30.619030872879545
mfrr:2025-09-09:12-16:up,up,24140,24156,8.684999999999999,1.0,4.0,4.0,1.0,34.739999999999995
mfrr:2025-09-09:16-20:up,up,24156,24172,8.684999999999999,1.0,4.0,4.0,1.0,34.739999999999995
mfrr:2025-09-09:20-24:up,up,24172,24188,8.684999999999999,1.0,4.0,4.0,1.0,34.739999999999995
mfrr:2025-09-10:16-20:up,up,24252,24268,8.684999999999999,1.0,4.0,4.0,1.0,34.739999999999995
mfrr:2025-09-10:20-24:up,up,24268,24284,8.684999999999999,1.0,4.0,4.0,0.8189803987589224,28.45137905288496
mfrr:2025-09-11:16-20:up,up,24348,24364,8.684999999999999,1.0,4.0,4.0,1.0,34.739999999999995
mfrr:2025-09-11:20-24:up,up,24364,24380,8.684999999999999,1.0,4.0,4.0,0.8135866202055254,28.263999185939948
mfrr:2025-09-12:12-16:up,up,24428,24444,8.684999999999999,1.0,4.0,4.0,1.0,34.739999999999995
mfrr:2025-09-12:16-20:up,up,24444,24460,8.684999999999999,1.0,4.0,4.0,1.0,34.739999999999995
mfrr:2025-09-12:20-24:up,up,24460,24476,8.684999999999999,1.0,4.0,4.0,1.0,34.739999999999995
mfrr:2025-09-13:16-20:up,up,24540,24556,8.684999999999999,1.0,4.0,4.0,1.0,34.739999999999995
mfrr:2025-09-14:4-8:up,up,24588,24604,8.684999999999999,1.0,4.0,4.0,0.9394964772842522,32.63810762085492
mfrr:2025-09-14:12-16:up,up,24620,24636,8.684999999999999,1.0,4.0,4.0,0.9394964772842522,32.63810762085492
mfrr:2025-09-15:4-8:up,up,24684,24700,8.684999999999999,1.0,4.0,4.0,1.0,34.739999999999995
mfrr:2025-09-15:8-12:up,up,24700,24716,8.684999999999999,1.0,4.0,4.0,1.0,34.739999999999995
mfrr:2025-09-15:16-20:up,up,24732,24748,8.684999999999999,1.0,4.0,4.0,1.0,34.739999999999995
mfrr:2025-09-15:20-24:up,up,24748,24764,8.684999999999999,1.0,4.0,4.0,1.0,34.739999999999995
mfrr:2025-09-16:16-20:up,up,24828,24844,8.684999999999999,1.0,4.0,4.0,1.0,34.739999999999995
mfrr:2025-09-17:16-20:up,up,24924,24940,8.684999999999999,1.0,4.0,4.0,1.0,34.739999999999995
mfrr:2025-09-18:16-20:up,up,25020,25036,8.684999999999999,1.0,4.0,4.0,1.0,34.739999999999995
mfrr:2025-09-19:16-20:up,up,25116,25132,8.684999999999999,1.0,4.0,4.0,1.0,34.739999999999995
mfrr:2025-09-20:16-20:up,up,25212,25228,8.684999999999999,1.0,4.0,4.0,1.0,34.739999999999995
mfrr:2025-09-21:16-20:up,up,25308,25324,8.684999999999999,1.0,4.0,4.0,1.0,34.739999999999995
mfrr:2025-09-22:16-20:up,up,25404,25420,8.684999999999999,1.0,4.0,4.0,1.0,34.739999999999995
mfrr:2025-09-22:20-24:up,up,25420,25436,8.684999999999999,1.0,4.0,4.0,1.0,34.739999999999995
mfrr:2025-09-23:16-20:up,up,25500,25516,8.684999999999999,1.0,4.0,4.0,1.0,34.739999999999995
mfrr:2025-09-23:20-24:up,up,25516,25532,8.684999999999999,1.0,4.0,4.0,0.9407606852893844,32.68202620695321
mfrr:2025-09-24:8-12:up,up,25564,25580,8.684999999999999,1.0,4.0,4.0,0.9407606852893844,32.68202620695321
mfrr:2025-09-24:16-20:up,up,25596,25612,8.684999999999999,1.0,4.0,4.0,1.0,34.739999999999995
mfrr:2025-09-24:20-24:up,up,25612,25628,8.684999999999999,1.0,4.0,4.0,0.8750365159175728,30.398768562976475
mfrr:2025-09-25:16-20:up,up,25692,25708,8.684999999999999,1.0,4.0,4.0,1.0,34.739999999999995
mfrr:2025-09-25:20-24:up,up,25708,25724,8.684999999999999,1.0,4.0,4.0,0.7945248570119005,27.60179353259342
mfrr:2025-09-26:8-12:up,up,25756,25772,8.684999999999999,1.0,4.0,4.0,0.9263710331788619,32.18212969263366
mfrr:2025-09-26:16-20:up,up,25788,25804,8.684999999999999,1.0,4.0,4.0,0.81415,28.283571
mfrr:2025-09-26:20-24:up,up,25804,25820,8.684999999999999,1.0,4.0,4.0,0.81415,28.283571
mfrr:2025-09-27:8-12:up,up,25852,25868,8.684999999999999,1.0,4.0,4.0,0.81415,28.283571
mfrr:2025-09-27:16-20:up,up,25884,25900,8.684999999999999,1.0,4.0,4.0,1.0,34.739999999999995
mfrr:2025-09-28:8-12:up,up,25948,25964,8.684999999999999,1.0,4.0,4.0,1.0,34.739999999999995
mfrr:2025-09-28:16-20:up,up,25980,25996,8.684999999999999,1.0,4.0,4.0,1.0,34.739999999999995
mfrr:2025-09-28:20-24:up,up,25996,26012,8.684999999999999,1.0,4.0,4.0,1.0,34.739999999999995
mfrr:2025-09-29:4-8:up,up,26028,26044,8.684999999999999,1.0,4.0,4.0,1.0,34.739999999999995
mfrr:2025-09-29:8-12:up,up,26044,26060,8.684999999999999,1.0,4.0,4.0,1.0,34.739999999999995
mfrr:2025-09-29:12-16:up,up,26060,26076,8.684999999999999,1.0,4.0,4.0,0.9445195841218151,32.81261035239185
mfrr:2025-09-29:16-20:up,up,26076,26092,8.684999999999999,1.0,4.0,4.0,0.9445195841218151,32.81261035239185
mfrr:2025-09-29:20-24:up,up,26092,26108,8.684999999999999,1.0,4.0,4.0,1.0,34.739999999999995
mfrr:2025-09-30:4-8:up,up,26124,26140,8.684999999999999,1.0,4.0,4.0,1.0,34.739999999999995
mfrr:2025-09-30:8-12:up,up,26140,26156,8.684999999999999,1.0,4.0,4.0,1.0,34.739999999999995
mfrr:2025-09-30:12-16:up,up,26156,26172,8.684999999999999,1.0,4.0,4.0,0.8189929466083418,28.45181496517379
mfrr:2025-09-30:16-20:up,up,26172,26188,8.684999999999999,1.0,4.0,4.0,1.0,34.739999999999995
mfrr:2025-09-30:20-24:up,up,26188,26204,8.684999999999999,1.0,4.0,4.0,1.0,34.739999999999995
mfrr:2025-10-01:4-8:up,up,26220,26236,8.684999999999999,1.0,4.0,4.0,1.0,34.739999999999995
mfrr:2025-10-01:8-12:up,up,26236,26252,8.684999999999999,1.0,4.0,4.0,1.0,34.739999999999995
mfrr:2025-10-01:12-16:up,up,26252,26268,8.684999999999999,1.0,4.0,4.0,0.9222881221961783,32.04028936509523
mfrr:2025-10-01:16-20:up,up,26268,26284,8.684999999999999,1.0,4.0,4.0,0.9559000000000001,33.207966
mfrr:2025-10-01:20-24:up,up,26284,26300,8.684999999999999,1.0,4.0,4.0,1.0,34.739999999999995
mfrr:2025-10-02:4-8:up,up,26316,26332,8.684999999999999,1.0,4.0,4.0,1.0,34.739999999999995
mfrr:2025-10-02:8-12:up,up,26332,26348,8.684999999999999,1.0,4.0,4.0,1.0,34.739999999999995
mfrr:2025-10-02:12-16:up,up,26348,26364,8.684999999999999,1.0,4.0,4.0,1.0,34.739999999999995
mfrr:2025-10-02:16-20:up,up,26364,26380,8.684999999999999,1.0,4.0,4.0,1.0,34.739999999999995
mfrr:2025-10-02:20-24:up,up,26380,26396,8.684999999999999,1.0,4.0,4.0,0.9386680920286045,32.60932951707371
mfrr:2025-10-04:0-4:up,up,26492,26508,8.684999999999999,1.0,4.0,4.0,0.9827680920286044,34.141363517073714
mfrr:2025-10-04:4-8:up,up,26508,26524,8.684999999999999,1.0,4.0,4.0,1.0,34.739999999999995
mfrr:2025-10-04:8-12:up,up,26524,26540,8.684999999999999,1.0,4.0,4.0,1.0,34.739999999999995
mfrr:2025-10-04:12-16:up,up,26540,26556,8.684999999999999,1.0,4.0,4.0,1.0,34.739999999999995
mfrr:2025-10-04:16-20:up,up,26556,26572,8.684999999999999,1.0,4.0,4.0,1.0,34.739999999999995
mfrr:2025-10-04:20-24:up,up,26572,26588,8.684999999999999,1.0,4.0,4.0,1.0,34.739999999999995
mfrr:2025-10-05:4-8:up,up,26604,26620,8.684999999999999,1.0,4.0,4.0,1.0,34.739999999999995
mfrr:2025-10-05:8-12:up,up,26620,26636,8.684999999999999,1.0,4.0,4.0,1.0,34.739999999999995
mfrr:2025-10-05:12-16:up,up,26636,26652,8.684999999999999,1.0,4.0,4.0,1.0,34.739999999999995
mfrr:2025-10-05:16-20:up,up,26652,26668,8.684999999999999,1.0,4.0,4.0,1.0,34.739999999999995
mfrr:2025-10-05:20-24:up,up,26668,26684,8.684999999999999,1.0,4.0,4.0,1.0,34.739999999999995
mfrr:2025-10-06:8-12:up,up,26716,26732,8.684999999999999,1.0,4.0,4.0,1.0,34.739999999999995
mfrr:2025-10-06:12-16:up,up,26732,26748,8.684999999999999,1.0,4.0,4.0,1.0,34.739999999999995
mfrr:2025-10-06:16-20:up,up,26748,26764,8.684999999999999,1.0,4.0,4.0,1.0,34.739999999999995
mfrr:2025-10-06:20-24:up,up,26764,26780,8.684999999999999,1.0,4.0,4.0,1.0,34.739999999999995
mfrr:2025-10-07:4-8:up,up,26796,26812,8.684999999999999,1.0,4.0,4.0,1.0,34.739999999999995
mfrr:2025-10-07:8-12:up,up,26812,26828,8.684999999999999,1.0,4.0,4.0,1.0,34.739999999999995
mfrr:2025-10-07:12-16:up,up,26828,26844,8.684999999999999,1.0,4.0,4.0,0.6972277935621919,24.221693548350544
mfrr:2025-10-07:16-20:up,up,26844,26860,8.684999999999999,1.0,4.0,4.0,1.0,34.739999999999995
mfrr:2025-10-07:20-24:up,up,26860,26876,8.684999999999999,1.0,4.0,4.0,0.8750000704941078,30.397502448965298
mfrr:2025-10-08:4-8:up,up,26892,26908,8.684999999999999,1.0,4.0,4.0,1.0,34.739999999999995
mfrr:2025-10-08:8-12:up,up,26908,26924,8.684999999999999,1.0,4.0,4.0,1.0,34.739999999999995
mfrr:2025-10-08:16-20:up,up,26940,26956,8.684999999999999,1.0,4.0,4.0,1.0,34.739999999999995
mfrr:2025-10-08:20-24:up,up,26956,26972,8.684999999999999,1.0,4.0,4.0,1.0,34.739999999999995
mfrr:2025-10-09:4-8:up,up,26988,27004,8.684999999999999,1.0,4.0,4.0,1.0,34.739999999999995
mfrr:2025-10-09:8-12:up,up,27004,27020,8.684999999999999,1.0,4.0,4.0,1.0,34.739999999999995
mfrr:2025-10-09:16-20:up,up,27036,27052,8.684999999999999,1.0,4.0,4.0,1.0,34.739999999999995
mfrr:2025-10-09:20-24:up,up,27052,27068,8.684999999999999,1.0,4.0,4.0,1.0,34.739999999999995
mfrr:2025-10-10:4-8:up,up,27084,27100,8.684999999999999,1.0,4.0,4.0,1.0,34.739999999999995
mfrr:2025-10-10:8-12:up,up,27100,27116,8.684999999999999,1.0,4.0,4.0,1.0,34.739999999999995
mfrr:2025-10-10:16-20:up,up,27132,27148,8.684999999999999,1.0,4.0,4.0,1.0,34.739999999999995
mfrr:2025-10-10:20-24:up,up,27148,27164,8.684999999999999,1.0,4.0,4.0,0.9375,32.568749999999994
mfrr:2025-10-11:8-12:up,up,27196,27212,8.684999999999999,1.0,4.0,4.0,0.8203125000000001,28.49765625
mfrr:2025-10-11:16-20:up,up,27228,27244,8.684999999999999,1.0,4.0,4.0,1.0,34.739999999999995
mfrr:2025-10-11:20-24:up,up,27244,27260,8.684999999999999,1.0,4.0,4.0,0.8125000000000001,28.22625
mfrr:2025-10-12:8-12:up,up,27292,27308,8.684999999999999,1.0,4.0,4.0,0.8125000000000001,28.22625
mfrr:2025-10-12:16-20:up,up,27324,27340,8.684999999999999,1.0,4.0,4.0,1.0,34.739999999999995
mfrr:2025-10-12:20-24:up,up,27340,27356,8.684999999999999,1.0,4.0,4.0,0.9375,32.568749999999994
mfrr:2025-10-13:8-12:up,up,27388,27404,8.684999999999999,1.0,4.0,4.0,1.0,34.739999999999995
mfrr:2025-10-13:12-16:up,up,27404,27420,8.684999999999999,1.0,4.0,4.0,0.8761647783999287,30.437964401613517
mfrr:2025-10-13:16-20:up,up,27420,27436,8.684999999999999,1.0,4.0,4.0,0.9849794027000088,34.2181844497983
mfrr:2025-10-13:20-24:up,up,27436,27452,8.684999999999999,1.0,4.0,4.0,0.5690715113187462,19.76954430321324
mfrr:2025-10-14:8-12:up,up,27484,27500,8.684999999999999,1.0,4.0,4.0,1.0,34.739999999999995
mfrr:2025-10-14:12-16:up,up,27500,27516,8.684999999999999,1.0,4.0,4.0,1.0,34.739999999999995
mfrr:2025-10-14:16-20:up,up,27516,27532,8.684999999999999,1.0,4.0,4.0,1.0,34.739999999999995
mfrr:2025-10-14:20-24:up,up,27532,27548,8.684999999999999,1.0,4.0,4.0,1.0,34.739999999999995
mfrr:2025-10-15:4-8:up,up,27564,27580,8.684999999999999,1.0,4.0,4.0,1.0,34.739999999999995
mfrr:2025-10-15:8-12:up,up,27580,27596,8.684999999999999,1.0,4.0,4.0,1.0,34.739999999999995
mfrr:2025-10-15:12-16:up,up,27596,27612,8.684999999999999,1.0,4.0,4.0,0.8800459043509051,30.57279471715044
mfrr:2025-10-15:16-20:up,up,27612,27628,8.684999999999999,1.0,4.0,4.0,1.0,34.739999999999995
mfrr:2025-10-15:20-24:up,up,27628,27644,8.684999999999999,1.0,4.0,4.0,0.9375,32.568749999999994
mfrr:2025-10-16:8-12:up,up,27676,27692,8.684999999999999,1.0,4.0,4.0,1.0,34.739999999999995
mfrr:2025-10-16:12-16:up,up,27692,27708,8.684999999999999,1.0,4.0,4.0,0.9495307436776981,32.986698035363226
mfrr:2025-10-16:16-20:up,up,27708,27724,8.684999999999999,1.0,4.0,4.0,1.0,34.739999999999995
mfrr:2025-10-16:20-24:up,up,27724,27740,8.684999999999999,1.0,4.0,4.0,0.9375,32.568749999999994
mfrr:2025-10-17:8-12:up,up,27772,27788,8.684999999999999,1.0,4.0,4.0,1.0,34.739999999999995
mfrr:2025-10-17:12-16:up,up,27788,27804,8.684999999999999,1.0,4.0,4.0,1.0,34.739999999999995
mfrr:2025-10-17:16-20:up,up,27804,27820,8.684999999999999,1.0,4.0,4.0,1.0,34.739999999999995
mfrr:2025-10-17:20-24:up,up,27820,27836,8.684999999999999,1.0,4.0,4.0,1.0,34.739999999999995
mfrr:2025-10-18:8-12:up,up,27868,27884,8.684999999999999,1.0,4.0,4.0,0.9375,32.568749999999994
mfrr:2025-10-18:12-16:up,up,27884,27900,8.684999999999999,1.0,4.0,4.0,1.0,34.739999999999995
mfrr:2025-10-18:16-20:up,up,27900,27916,8.684999999999999,1.0,4.0,4.0,1.0,34.739999999999995
mfrr:2025-10-18:20-24:up,up,27916,27932,8.684999999999999,1.0,4.0,4.0,1.0,34.739999999999995
mfrr:2025-10-19:8-12:up,up,27964,27980,8.684999999999999,1.0,4.0,4.0,1.0,34.739999999999995
mfrr:2025-10-19:12-16:up,up,27980,27996,8.684999999999999,1.0,4.0,4.0,0.7592773018560297,26.377293466478466
mfrr:2025-10-19:16-20:up,up,27996,28012,8.684999999999999,1.0,4.0,4.0,1.0,34.739999999999995
mfrr:2025-10-19:20-24:up,up,28012,28028,8.684999999999999,1.0,4.0,4.0,1.0,34.739999999999995
mfrr:2025-10-20:8-12:up,up,28060,28076,8.684999999999999,1.0,4.0,4.0,1.0,34.739999999999995
mfrr:2025-10-20:12-16:up,up,28076,28092,8.684999999999999,1.0,4.0,4.0,1.0,34.739999999999995
mfrr:2025-10-20:16-20:up,up,28092,28108,8.684999999999999,1.0,4.0,4.0,1.0,34.739999999999995
mfrr:2025-10-20:20-24:up,up,28108,28124,8.684999999999999,1.0,4.0,4.0,0.9375,32.568749999999994
mfrr:2025-10-21:8-12:up,up,28156,28172,8.684999999999999,1.0,4.0,4.0,1.0,34.739999999999995
mfrr:2025-10-21:12-16:up,up,28172,28188,8.684999999999999,1.0,4.0,4.0,0.9843922476718725,34.19778668412084
mfrr:2025-10-21:16-20:up,up,28188,28204,8.684999999999999,1.0,4.0,4.0,1.0,34.739999999999995
mfrr:2025-10-21:20-24:up,up,28204,28220,8.684999999999999,1.0,4.0,4.0,0.875,30.397499999999994
mfrr:2025-10-22:8-12:up,up,28252,28268,8.684999999999999,1.0,4.0,4.0,1.0,34.739999999999995
mfrr:2025-10-22:12-16:up,up,28268,28284,8.684999999999999,1.0,4.0,4.0,1.0,34.739999999999995
mfrr:2025-10-22:16-20:up,up,28284,28300,8.684999999999999,1.0,4.0,4.0,1.0,34.739999999999995
mfrr:2025-10-22:20-24:up,up,28300,28316,8.684999999999999,1.0,4.0,4.0,0.6875250625879225,23.884620674304422
mfrr:2025-10-23:8-12:up,up,28348,28364,8.684999999999999,1.0,4.0,4.0,0.6875250625879225,23.884620674304422
mfrr:2025-10-23:12-16:up,up,28364,28380,8.684999999999999,1.0,4.0,4.0,0.6875250625879225,23.884620674304422
mfrr:2025-10-23:16-20:up,up,28380,28396,8.684999999999999,1.0,4.0,4.0,0.6875250625879225,23.884620674304422
mfrr:2025-10-24:8-12:up,up,28444,28460,8.684999999999999,1.0,4.0,4.0,1.0,34.739999999999995
mfrr:2025-10-24:16-20:up,up,28476,28492,8.684999999999999,1.0,4.0,4.0,1.0,34.739999999999995
mfrr:2025-10-25:16-20:up,up,28572,28588,8.684999999999999,1.0,4.0,4.0,1.0,34.739999999999995
mfrr:2025-10-26:16-20:up,up,28672,28688,8.684999999999999,1.0,4.0,4.0,1.0,34.739999999999995
mfrr:2025-10-27:8-12:up,up,28736,28752,8.684999999999999,1.0,4.0,4.0,1.0,34.739999999999995
mfrr:2025-10-27:12-16:up,up,28752,28768,8.684999999999999,1.0,4.0,4.0,1.0,34.739999999999995
mfrr:2025-10-27:16-20:up,up,28768,28784,8.684999999999999,1.0,4.0,4.0,1.0,34.739999999999995
mfrr:2025-10-27:20-24:up,up,28784,28800,8.684999999999999,1.0,4.0,4.0,1.0,34.739999999999995
mfrr:2025-10-28:16-20:up,up,28864,28880,8.684999999999999,1.0,4.0,4.0,1.0,34.739999999999995
mfrr:2025-10-28:20-24:up,up,28880,28896,8.684999999999999,1.0,4.0,4.0,1.0,34.739999999999995
mfrr:2025-10-29:4-8:up,up,28912,28928,8.684999999999999,1.0,4.0,4.0,1.0,34.739999999999995
mfrr:2025-10-29:16-20:up,up,28960,28976,8.684999999999999,1.0,4.0,4.0,1.0,34.739999999999995
mfrr:2025-10-29:20-24:up,up,28976,28992,8.684999999999999,1.0,4.0,4.0,1.0,34.739999999999995
mfrr:2025-10-30:4-8:up,up,29008,29024,8.684999999999999,1.0,4.0,4.0,0.875,30.397499999999994
mfrr:2025-10-30:20-24:up,up,29072,29088,8.684999999999999,1.0,4.0,4.0,0.875,30.397499999999994
mfrr:2025-11-02:12-16:up,up,29328,29344,8.684999999999999,1.0,4.0,4.0,1.0,34.739999999999995
mfrr:2025-11-03:16-20:up,up,29440,29456,8.684999999999999,1.0,4.0,4.0,0.8840763679914876,30.712813024024275
mfrr:2025-11-03:20-24:up,up,29456,29472,8.684999999999999,1.0,4.0,4.0,0.8840763679914876,30.712813024024275
mfrr:2025-11-04:16-20:up,up,29536,29552,8.684999999999999,1.0,4.0,4.0,1.0,34.739999999999995
mfrr:2025-11-04:20-24:up,up,29552,29568,8.684999999999999,1.0,4.0,4.0,1.0,34.739999999999995
mfrr:2025-11-05:16-20:up,up,29632,29648,8.684999999999999,1.0,4.0,4.0,1.0,34.739999999999995
mfrr:2025-11-05:20-24:up,up,29648,29664,8.684999999999999,1.0,4.0,4.0,1.0,34.739999999999995
mfrr:2025-11-06:8-12:up,up,29696,29712,8.684999999999999,1.0,4.0,4.0,1.0,34.739999999999995
mfrr:2025-11-06:16-20:up,up,29728,29744,8.684999999999999,1.0,4.0,4.0,1.0,34.739999999999995
mfrr:2025-11-06:20-24:up,up,29744,29760,8.684999999999999,1.0,4.0,4.0,1.0,34.739999999999995
mfrr:2025-11-07:16-20:up,up,29824,29840,8.684999999999999,1.0,4.0,4.0,1.0,34.739999999999995
mfrr:2025-11-08:12-16:up,up,29904,29920,8.684999999999999,1.0,4.0,4.0,1.0,34.739999999999995
mfrr:2025-11-08:16-20:up,up,29920,29936,8.684999999999999,1.0,4.0,4.0,1.0,34.739999999999995
mfrr:2025-11-09:12-16:up,up,30000,30016,8.684999999999999,1.0,4.0,4.0,1.0,34.739999999999995
mfrr:2025-11-09:16-20:up,up,30016,30032,8.684999999999999,1.0,4.0,4.0,1.0,34.739999999999995
mfrr:2025-11-10:16-20:up,up,30112,30128,8.684999999999999,1.0,4.0,4.0,1.0,34.739999999999995
mfrr:2025-11-11:16-20:up,up,30208,30224,8.684999999999999,1.0,4.0,4.0,1.0,34.739999999999995
mfrr:2025-11-12:8-12:up,up,30272,30288,8.684999999999999,1.0,4.0,4.0,0.9927136968177811,34.48687382744971
mfrr:2025-11-12:16-20:up,up,30304,30320,8.684999999999999,1.0,4.0,4.0,0.8131007942728834,28.247121593039964
mfrr:2025-11-13:16-20:up,up,30400,30416,8.684999999999999,1.0,4.0,4.0,1.0,34.739999999999995
mfrr:2025-11-14:8-12:up,up,30464,30480,8.684999999999999,1.0,4.0,4.0,0.875,30.397499999999994
mfrr:2025-11-14:12-16:up,up,30480,30496,8.684999999999999,1.0,4.0,4.0,0.875,30.397499999999994
mfrr:2025-11-15:4-8:up,up,30544,30560,8.684999999999999,1.0,4.0,4.0,0.9559000000000001,33.207966
mfrr:2025-11-15:8-12:up,up,30560,30576,8.684999999999999,1.0,4.0,4.0,1.0,34.739999999999995
mfrr:2025-11-15:12-16:up,up,30576,30592,8.684999999999999,1.0,4.0,4.0,1.0,34.739999999999995
mfrr:2025-11-15:16-20:up,up,30592,30608,8.684999999999999,1.0,4.0,4.0,1.0,34.739999999999995
mfrr:2025-11-15:20-24:up,up,30608,30624,8.684999999999999,1.0,4.0,4.0,1.0,34.739999999999995
mfrr:2025-11-16:16-20:up,up,30688,30704,8.684999999999999,1.0,4.0,4.0,1.0,34.739999999999995
mfrr:2025-11-16:20-24:up,up,30704,30720,8.684999999999999,1.0,4.0,4.0,1.0,34.739999999999995
mfrr:2025-11-17:8-12:up,up,30752,30768,8.684999999999999,1.0,4.0,4.0,1.0,34.739999999999995
mfrr:2025-11-17:16-20:up,up,30784,30800,8.684999999999999,1.0,4.0,4.0,1.0,34.739999999999995
mfrr:2025-11-17:20-24:up,up,30800,30816,8.684999999999999,1.0,4.0,4.0,1.0,34.739999999999995
mfrr:2025-11-18:4-8:up,up,30832,30848,8.684999999999999,1.0,4.0,4.0,1.0,34.739999999999995
mfrr:2025-11-18:8-12:up,up,30848,30864,8.684999999999999,1.0,4.0,4.0,1.0,34.739999999999995
mfrr:2025-11-18:12-16:up,up,30864,30880,8.684999999999999,1.0,4.0,4.0,1.0,34.739999999999995
mfrr:2025-11-18:16-20:up,up,30880,30896,8.684999999999999,1.0,4.0,4.0,1.0,34.739999999999995
mfrr:2025-11-18:20-24:up,up,30896,30912,8.684999999999999,1.0,4.0,4.0,1.0,34.739999999999995
mfrr:2025-11-19:4-8:up,up,30928,30944,8.684999999999999,1.0,4.0,4.0,1.0,34.739999999999995
mfrr:2025-11-19:8-12:up,up,30944,30960,8.684999999999999,1.0,4.0,4.0,1.0,34.739999999999995
mfrr:2025-11-19:16-20:up,up,30976,30992,8.684999999999999,1.0,4.0,4.0,1.0,34.739999999999995
mfrr:2025-11-19:20-24:up,up,30992,31008,8.684999999999999,1.0,4.0,4.0,1.0,34.739999999999995
mfrr:2025-11-20:4-8:up,up,31024,31040,8.684999999999999,1.0,4.0,4.0,1.0,34.739999999999995
mfrr:2025-11-20:8-12:up,up,31040,31056,8.684999999999999,1.0,4.0,4.0,1.0,34.739999999999995
mfrr:2025-11-20:12-16:up,up,31056,31072,8.684999999999999,1.0,4.0,4.0,1.0,34.739999999999995
mfrr:2025-11-20:16-20:up,up,31072,31088,8.684999999999999,1.0,4.0,4.0,0.8142529163718462,28.28714631475793
mfrr:2025-11-20:20-24:up,up,31088,31104,8.684999999999999,1.0,4.0,4.0,0.8142529163718462,28.28714631475793
mfrr:2025-11-21:4-8:up,up,31120,31136,8.684999999999999,1.0,4.0,4.0,1.0,34.739999999999995
mfrr:2025-11-21:8-12:up,up,31136,31152,8.684999999999999,1.0,4.0,4.0,1.0,34.739999999999995
mfrr:2025-11-21:12-16:up,up,31152,31168,8.684999999999999,1.0,4.0,4.0,1.0,34.739999999999995
mfrr:2025-11-21:16-20:up,up,31168,31184,8.684999999999999,1.0,4.0,4.0,1.0,34.739999999999995
mfrr:2025-11-21:20-24:up,up,31184,31200,8.684999999999999,1.0,4.0,4.0,1.0,34.739999999999995
mfrr:2025-11-22:4-8:up,up,31216,31232,8.684999999999999,1.0,4.0,4.0,1.0,34.739999999999995
mfrr:2025-11-22:8-12:up,up,31232,31248,8.684999999999999,1.0,4.0,4.0,1.0,34.739999999999995
mfrr:2025-11-22:12-16:up,up,31248,31264,8.684999999999999,1.0,4.0,4.0,1.0,34.739999999999995
mfrr:2025-11-22:16-20:up,up,31264,31280,8.684999999999999,1.0,4.0,4.0,1.0,34.739999999999995
mfrr:2025-11-22:20-24:up,up,31280,31296,8.684999999999999,1.0,4.0,4.0,1.0,34.739999999999995
mfrr:2025-11-23:0-4:up,up,31296,31312,8.684999999999999,1.0,4.0,4.0,1.0,34.739999999999995
mfrr:2025-11-23:8-12:up,up,31328,31344,8.684999999999999,1.0,4.0,4.0,1.0,34.739999999999995
mfrr:2025-11-23:12-16:up,up,31344,31360,8.684999999999999,1.0,4.0,4.0,1.0,34.739999999999995
mfrr:2025-11-23:16-20:up,up,31360,31376,8.684999999999999,1.0,4.0,4.0,1.0,34.739999999999995
mfrr:2025-11-23:20-24:up,up,31376,31392,8.684999999999999,1.0,4.0,4.0,1.0,34.739999999999995
mfrr:2025-11-24:0-4:up,up,31392,31408,8.684999999999999,1.0,4.0,4.0,1.0,34.739999999999995
mfrr:2025-11-24:4-8:up,up,31408,31424,8.684999999999999,1.0,4.0,4.0,1.0,34.739999999999995
mfrr:2025-11-24:8-12:up,up,31424,31440,8.684999999999999,1.0,4.0,4.0,1.0,34.739999999999995
mfrr:2025-11-24:12-16:up,up,31440,31456,8.684999999999999,1.0,4.0,4.0,1.0,34.739999999999995
mfrr:2025-11-24:16-20:up,up,31456,31472,8.684999999999999,1.0,4.0,4.0,1.0,34.739999999999995
mfrr:2025-11-24:20-24:up,up,31472,31488,8.684999999999999,1.0,4.0,4.0,1.0,34.739999999999995
mfrr:2025-11-25:4-8:up,up,31504,31520,8.684999999999999,1.0,4.0,4.0,1.0,34.739999999999995
mfrr:2025-11-25:8-12:up,up,31520,31536,8.684999999999999,1.0,4.0,4.0,1.0,34.739999999999995
mfrr:2025-11-25:12-16:up,up,31536,31552,8.684999999999999,1.0,4.0,4.0,1.0,34.739999999999995
mfrr:2025-11-25:16-20:up,up,31552,31568,8.684999999999999,1.0,4.0,4.0,1.0,34.739999999999995
mfrr:2025-11-25:20-24:up,up,31568,31584,8.684999999999999,1.0,4.0,4.0,1.0,34.739999999999995
mfrr:2025-11-26:4-8:up,up,31600,31616,8.684999999999999,1.0,4.0,4.0,1.0,34.739999999999995
mfrr:2025-11-26:8-12:up,up,31616,31632,8.684999999999999,1.0,4.0,4.0,1.0,34.739999999999995
mfrr:2025-11-26:12-16:up,up,31632,31648,8.684999999999999,1.0,4.0,4.0,1.0,34.739999999999995
mfrr:2025-11-26:16-20:up,up,31648,31664,8.684999999999999,1.0,4.0,4.0,1.0,34.739999999999995
mfrr:2025-11-26:20-24:up,up,31664,31680,8.684999999999999,1.0,4.0,4.0,1.0,34.739999999999995
mfrr:2025-11-27:4-8:up,up,31696,31712,8.684999999999999,1.0,4.0,4.0,1.0,34.739999999999995
mfrr:2025-11-27:8-12:up,up,31712,31728,8.684999999999999,1.0,4.0,4.0,1.0,34.739999999999995
mfrr:2025-11-27:12-16:up,up,31728,31744,8.684999999999999,1.0,4.0,4.0,1.0,34.739999999999995
mfrr:2025-11-27:16-20:up,up,31744,31760,8.684999999999999,1.0,4.0,4.0,1.0,34.739999999999995
mfrr:2025-11-27:20-24:up,up,31760,31776,8.684999999999999,1.0,4.0,4.0,1.0,34.739999999999995
mfrr:2025-11-28:4-8:up,up,31792,31808,8.684999999999999,1.0,4.0,4.0,1.0,34.739999999999995
mfrr:2025-11-28:8-12:up,up,31808,31824,8.684999999999999,1.0,4.0,4.0,1.0,34.739999999999995
mfrr:2025-11-28:12-16:up,up,31824,31840,8.684999999999999,1.0,4.0,4.0,0.9375000247015965,32.56875085813346
mfrr:2025-11-28:16-20:up,up,31840,31856,8.684999999999999,1.0,4.0,4.0,1.0,34.739999999999995
mfrr:2025-11-28:20-24:up,up,31856,31872,8.684999999999999,1.0,4.0,4.0,1.0,34.739999999999995
mfrr:2025-11-29:8-12:up,up,31904,31920,8.684999999999999,1.0,4.0,4.0,1.0,34.739999999999995
mfrr:2025-11-29:12-16:up,up,31920,31936,8.684999999999999,1.0,4.0,4.0,1.0,34.739999999999995
mfrr:2025-11-29:16-20:up,up,31936,31952,8.684999999999999,1.0,4.0,4.0,1.0,34.739999999999995
mfrr:2025-11-29:20-24:up,up,31952,31968,8.684999999999999,1.0,4.0,4.0,1.0,34.739999999999995
mfrr:2025-11-30:8-12:up,up,32000,32016,8.684999999999999,1.0,4.0,4.0,1.0,34.739999999999995
mfrr:2025-11-30:16-20:up,up,32032,32048,8.684999999999999,1.0,4.0,4.0,1.0,34.739999999999995
mfrr:2025-12-01:8-12:up,up,32096,32112,8.684999999999999,1.0,4.0,4.0,0.9692266666666667,33.67093439999999
mfrr:2025-12-01:16-20:up,up,32128,32144,8.684999999999999,1.0,4.0,4.0,0.9086500000000001,31.566501
mfrr:2025-12-01:20-24:up,up,32144,32160,8.684999999999999,1.0,4.0,4.0,0.9086500000000001,31.566501
mfrr:2025-12-02:8-12:up,up,32192,32208,8.684999999999999,1.0,4.0,4.0,1.0,34.739999999999995
mfrr:2025-12-02:16-20:up,up,32224,32240,8.684999999999999,1.0,4.0,4.0,1.0,34.739999999999995
mfrr:2025-12-03:0-4:up,up,32256,32272,8.684999999999999,1.0,4.0,4.0,0.9375,32.568749999999994
mfrr:2025-12-03:4-8:up,up,32272,32288,8.684999999999999,1.0,4.0,4.0,1.0,34.739999999999995
mfrr:2025-12-03:8-12:up,up,32288,32304,8.684999999999999,1.0,4.0,4.0,1.0,34.739999999999995
mfrr:2025-12-03:12-16:up,up,32304,32320,8.684999999999999,1.0,4.0,4.0,1.0,34.739999999999995
mfrr:2025-12-03:16-20:up,up,32320,32336,8.684999999999999,1.0,4.0,4.0,1.0,34.739999999999995
mfrr:2025-12-03:20-24:up,up,32336,32352,8.684999999999999,1.0,4.0,4.0,1.0,34.739999999999995
mfrr:2025-12-04:0-4:up,up,32352,32368,8.684999999999999,1.0,4.0,4.0,1.0,34.739999999999995
mfrr:2025-12-04:4-8:up,up,32368,32384,8.684999999999999,1.0,4.0,4.0,1.0,34.739999999999995
mfrr:2025-12-04:8-12:up,up,32384,32400,8.684999999999999,1.0,4.0,4.0,1.0,34.739999999999995
mfrr:2025-12-04:12-16:up,up,32400,32416,8.684999999999999,1.0,4.0,4.0,1.0,34.739999999999995
mfrr:2025-12-04:16-20:up,up,32416,32432,8.684999999999999,1.0,4.0,4.0,1.0,34.739999999999995
mfrr:2025-12-04:20-24:up,up,32432,32448,8.684999999999999,1.0,4.0,4.0,1.0,34.739999999999995
mfrr:2025-12-05:0-4:up,up,32448,32464,8.684999999999999,1.0,4.0,4.0,0.9375,32.568749999999994
mfrr:2025-12-05:4-8:up,up,32464,32480,8.684999999999999,1.0,4.0,4.0,1.0,34.739999999999995
mfrr:2025-12-05:8-12:up,up,32480,32496,8.684999999999999,1.0,4.0,4.0,1.0,34.739999999999995
mfrr:2025-12-05:12-16:up,up,32496,32512,8.684999999999999,1.0,4.0,4.0,0.5682636245759738,19.741478317769328
mfrr:2025-12-05:16-20:up,up,32512,32528,8.684999999999999,1.0,4.0,4.0,0.5682636245759738,19.741478317769328
mfrr:2025-12-05:20-24:up,up,32528,32544,8.684999999999999,1.0,4.0,4.0,0.5682636245759738,19.741478317769328
mfrr:2025-12-06:8-12:up,up,32576,32592,8.684999999999999,1.0,4.0,4.0,0.5682636245759738,19.741478317769328
mfrr:2025-12-06:16-20:up,up,32608,32624,8.684999999999999,1.0,4.0,4.0,0.5682636245759738,19.741478317769328
mfrr:2025-12-07:8-12:up,up,32672,32688,8.684999999999999,1.0,4.0,4.0,0.5682636245759738,19.741478317769328
mfrr:2025-12-07:12-16:up,up,32688,32704,8.684999999999999,1.0,4.0,4.0,0.5682636245759738,19.741478317769328
mfrr:2025-12-07:16-20:up,up,32704,32720,8.684999999999999,1.0,4.0,4.0,0.5682636245759738,19.741478317769328
mfrr:2025-12-07:20-24:up,up,32720,32736,8.684999999999999,1.0,4.0,4.0,0.5682636245759738,19.741478317769328
mfrr:2025-12-09:4-8:up,up,32848,32864,8.684999999999999,1.0,4.0,4.0,1.0,34.739999999999995
mfrr:2025-12-09:8-12:up,up,32864,32880,8.684999999999999,1.0,4.0,4.0,1.0,34.739999999999995
mfrr:2025-12-09:16-20:up,up,32896,32912,8.684999999999999,1.0,4.0,4.0,1.0,34.739999999999995
mfrr:2025-12-09:20-24:up,up,32912,32928,8.684999999999999,1.0,4.0,4.0,1.0,34.739999999999995
mfrr:2025-12-10:8-12:up,up,32960,32976,8.684999999999999,1.0,4.0,4.0,1.0,34.739999999999995
mfrr:2025-12-10:12-16:up,up,32976,32992,8.684999999999999,1.0,4.0,4.0,1.0,34.739999999999995
mfrr:2025-12-10:16-20:up,up,32992,33008,8.684999999999999,1.0,4.0,4.0,1.0,34.739999999999995
mfrr:2025-12-10:20-24:up,up,33008,33024,8.684999999999999,1.0,4.0,4.0,1.0,34.739999999999995
mfrr:2025-12-11:4-8:up,up,33040,33056,8.684999999999999,1.0,4.0,4.0,1.0,34.739999999999995
mfrr:2025-12-11:8-12:up,up,33056,33072,8.684999999999999,1.0,4.0,4.0,1.0,34.739999999999995
mfrr:2025-12-11:12-16:up,up,33072,33088,8.684999999999999,1.0,4.0,4.0,1.0,34.739999999999995
mfrr:2025-12-11:16-20:up,up,33088,33104,8.684999999999999,1.0,4.0,4.0,1.0,34.739999999999995
mfrr:2025-12-11:20-24:up,up,33104,33120,8.684999999999999,1.0,4.0,4.0,1.0,34.739999999999995
mfrr:2025-12-12:4-8:up,up,33136,33152,8.684999999999999,1.0,4.0,4.0,1.0,34.739999999999995
mfrr:2025-12-12:8-12:up,up,33152,33168,8.684999999999999,1.0,4.0,4.0,1.0,34.739999999999995
mfrr:2025-12-12:12-16:up,up,33168,33184,8.684999999999999,1.0,4.0,4.0,1.0,34.739999999999995
mfrr:2025-12-12:16-20:up,up,33184,33200,8.684999999999999,1.0,4.0,4.0,1.0,34.739999999999995
mfrr:2025-12-12:20-24:up,up,33200,33216,8.684999999999999,1.0,4.0,4.0,1.0,34.739999999999995
mfrr:2025-12-13:8-12:up,up,33248,33264,8.684999999999999,1.0,4.0,4.0,1.0,34.739999999999995
mfrr:2025-12-13:16-20:up,up,33280,33296,8.684999999999999,1.0,4.0,4.0,1.0,34.739999999999995
mfrr:2025-12-13:20-24:up,up,33296,33312,8.684999999999999,1.0,4.0,4.0,1.0,34.739999999999995
mfrr:2025-12-14:8-12:up,up,33344,33360,8.684999999999999,1.0,4.0,4.0,1.0,34.739999999999995
mfrr:2025-12-14:16-20:up,up,33376,33392,8.684999999999999,1.0,4.0,4.0,1.0,34.739999999999995
mfrr:2025-12-14:20-24:up,up,33392,33408,8.684999999999999,1.0,4.0,4.0,1.0,34.739999999999995
mfrr:2025-12-15:16-20:up,up,33472,33488,8.684999999999999,1.0,4.0,4.0,1.0,34.739999999999995
mfrr:2025-12-16:12-16:up,up,33552,33568,8.684999999999999,1.0,4.0,4.0,1.0,34.739999999999995
mfrr:2025-12-16:16-20:up,up,33568,33584,8.684999999999999,1.0,4.0,4.0,1.0,34.739999999999995
mfrr:2025-12-16:20-24:up,up,33584,33600,8.684999999999999,1.0,4.0,4.0,1.0,34.739999999999995
mfrr:2025-12-17:8-12:up,up,33632,33648,8.684999999999999,1.0,4.0,4.0,1.0,34.739999999999995
mfrr:2025-12-17:16-20:up,up,33664,33680,8.684999999999999,1.0,4.0,4.0,1.0,34.739999999999995
mfrr:2025-12-18:12-16:up,up,33744,33760,8.684999999999999,1.0,4.0,4.0,1.0,34.739999999999995
mfrr:2025-12-18:16-20:up,up,33760,33776,8.684999999999999,1.0,4.0,4.0,1.0,34.739999999999995
mfrr:2025-12-18:20-24:up,up,33776,33792,8.684999999999999,1.0,4.0,4.0,1.0,34.739999999999995
mfrr:2025-12-19:12-16:up,up,33840,33856,8.684999999999999,1.0,4.0,4.0,1.0,34.739999999999995
mfrr:2025-12-19:16-20:up,up,33856,33872,8.684999999999999,1.0,4.0,4.0,1.0,34.739999999999995
mfrr:2025-12-20:16-20:up,up,33952,33968,8.684999999999999,1.0,4.0,4.0,1.0,34.739999999999995
mfrr:2025-12-20:20-24:up,up,33968,33984,8.684999999999999,1.0,4.0,4.0,1.0,34.739999999999995
mfrr:2025-12-21:20-24:up,up,34064,34080,8.684999999999999,1.0,4.0,4.0,1.0,34.739999999999995
mfrr:2025-12-22:8-12:up,up,34112,34128,8.684999999999999,1.0,4.0,4.0,1.0,34.739999999999995
mfrr:2025-12-22:12-16:up,up,34128,34144,8.684999999999999,1.0,4.0,4.0,1.0,34.739999999999995
mfrr:2025-12-26:0-4:up,up,34464,34480,8.684999999999999,1.0,4.0,4.0,1.0,34.739999999999995
mfrr:2025-12-26:4-8:up,up,34480,34496,8.684999999999999,1.0,4.0,4.0,1.0,34.739999999999995
mfrr:2025-12-26:8-12:up,up,34496,34512,8.684999999999999,1.0,4.0,4.0,1.0,34.739999999999995
mfrr:2025-12-26:12-16:up,up,34512,34528,8.684999999999999,1.0,4.0,4.0,1.0,34.739999999999995
mfrr:2025-12-26:16-20:up,up,34528,34544,8.684999999999999,1.0,4.0,4.0,1.0,34.739999999999995
mfrr:2025-12-26:20-24:up,up,34544,34560,8.684999999999999,1.0,4.0,4.0,1.0,34.739999999999995
mfrr:2025-12-27:0-4:up,up,34560,34576,8.684999999999999,1.0,4.0,4.0,1.0,34.739999999999995
mfrr:2025-12-27:4-8:up,up,34576,34592,8.684999999999999,1.0,4.0,4.0,1.0,34.739999999999995
mfrr:2025-12-27:8-12:up,up,34592,34608,8.684999999999999,1.0,4.0,4.0,1.0,34.739999999999995
mfrr:2025-12-27:12-16:up,up,34608,34624,8.684999999999999,1.0,4.0,4.0,1.0,34.739999999999995
mfrr:2025-12-27:16-20:up,up,34624,34640,8.684999999999999,1.0,4.0,4.0,1.0,34.739999999999995
mfrr:2025-12-27:20-24:up,up,34640,34656,8.684999999999999,1.0,4.0,4.0,1.0,34.739999999999995
mfrr:2025-12-28:4-8:up,up,34672,34688,8.684999999999999,1.0,4.0,4.0,1.0,34.739999999999995
mfrr:2025-12-28:8-12:up,up,34688,34704,8.684999999999999,1.0,4.0,4.0,1.0,34.739999999999995
mfrr:2025-12-28:12-16:up,up,34704,34720,8.684999999999999,1.0,4.0,4.0,1.0,34.739999999999995
mfrr:2025-12-28:16-20:up,up,34720,34736,8.684999999999999,1.0,4.0,4.0,1.0,34.739999999999995
mfrr:2025-12-28:20-24:up,up,34736,34752,8.684999999999999,1.0,4.0,4.0,1.0,34.739999999999995
mfrr:2025-12-29:4-8:up,up,34768,34784,8.684999999999999,1.0,4.0,4.0,1.0,34.739999999999995
mfrr:2025-12-29:8-12:up,up,34784,34800,8.684999999999999,1.0,4.0,4.0,1.0,34.739999999999995
mfrr:2025-12-29:12-16:up,up,34800,34816,8.684999999999999,1.0,4.0,4.0,1.0,34.739999999999995
mfrr:2025-12-29:16-20:up,up,34816,34832,8.684999999999999,1.0,4.0,4.0,1.0,34.739999999999995
mfrr:2025-12-29:20-24:up,up,34832,34848,8.684999999999999,1.0,4.0,4.0,1.0,34.739999999999995
mfrr:2025-12-30:8-12:up,up,34880,34896,8.684999999999999,1.0,4.0,4.0,1.0,34.739999999999995
mfrr:2025-12-30:12-16:up,up,34896,34912,8.684999999999999,1.0,4.0,4.0,1.0,34.739999999999995
mfrr:2025-12-30:16-20:up,up,34912,34928,8.684999999999999,1.0,4.0,4.0,1.0,34.739999999999995
mfrr:2025-12-30:20-24:up,up,34928,34944,8.684999999999999,1.0,4.0,4.0,0.9375,32.568749999999994
mfrr:2025-12-31:16-20:up,up,35008,35024,8.684999999999999,1.0,4.0,4.0,0.9375,32.568749999999994
